id,name,country,status,reactor_type,reactor_model,construction_start,operational_from,operational_to,capacity,last_updated,source,iaeaid
0,Atucha-1,Argentina,Operational,PHWR,Siemens-KWU,1 Jun 1968,24 Jun 1974,,335.0,,,
1,Atucha-2,Argentina,Operational,PHWR,Siemens-KWU,14 Jul 1981,27 Jun 2014,,692.0,,,
2,Atucha-3,Argentina,Planned,PWR,Hualong One,,,,1200.0,,,
3,Embalse-1,Argentina,Operational,PHWR,CANDU-6,1 Apr 1974,20 Jan 1984,(2049),600.0,,,
4,CAREM-1,Argentina,Under construction,PWR,CAREM25,8 Feb 2014,,,25.0,,,
5,Metsamor-1,Armenia,Shut down,PWR,VVER-440/V-270,1 Jul 1969,6 Oct 1977,25 Feb 1989,376.0,,,
6,Metsamor-2,Armenia,Operational,PWR,VVER-440/V-270,1 Jul 1975,3 May 1980,(2026),375.0,,,
7,Zwentendorf-1,Austria,Finished; never entered service,BWR,BWR-69 (KWU),Apr 1972,,5 Nov 1978,878.0,,,
8,Rooppur-1,Bangladesh,Under construction,PWR,VVER-1200/V-523,30 Nov 2017,(2024),,1080.0,,,
9,Rooppur-2,Bangladesh,Under construction,PWR,VVER-1200/V-523,14 Jul 2018,(2025),,1080.0,,,
10,Ostrovets-1,Belarus,Operational,PWR,VVER-1200/V-491,6 Nov 2013,10 Jun 2021,,1109.0,,,
11,Ostrovets-2,Belarus,Operational,PWR,VVER-1200/V-491,24 Apr 2014,1 Nov 2023,,1109.0,,,
12,Minsk-1,Belarus,Unfinished,PWR,VVER-1000,1983,,1987,963.0,,,
13,Minsk-2,Belarus,Unfinished,PWR,VVER-1000,1983,,1987,963.0,,,
14,SCK•CEN-1,Belgium,Decommissioned,PWR,Westinghouse (WH) BR-3,1 Nov 1957,10 Oct 1962,30 Jun 1987,10.0,,,
15,Doel-1,Belgium,Operational,PWR,WH 2 loops,1 Jul 1969,15 Feb 1975,(2025),445.0,,,
16,Doel-2,Belgium,Operational,PWR,WH 2 loops,1 Sep 1971,1 Dec 1975,(2025),445.0,,,
17,Doel-3,Belgium,Shut down,PWR,Framatome 3 loops,1 Jan 1975,1 Oct 1982,23 Sep 2022,1006.0,,,
18,Doel-4,Belgium,Operational,PWR,Belgian firms plus WH 3 loops,1 Dec 1978,1 Jul 1985,(2035),1039.0,,,
19,Tihange-1,Belgium,Operational,PWR,Framatome 3 loops,1 Jun 1970,1 Oct 1975,(2025),962.0,,,
20,Tihange-2,Belgium,Shut down,PWR,Framatome 3 loops,1 Apr 1976,1 Jun 1983,31 Jan 2023,1008.0,,,
21,Tihange-3,Belgium,Operational,PWR,Belgian firms plus WH 3 loops,1 Nov 1978,1 Sep 1985,(2035),1046.0,,,
22,Angra-1,Brazil,Operational,PWR,WH 2 loops,1 May 1971,1 Jan 1985,,609.0,,,
23,Angra-2,Brazil,Operational,PWR,Pre-Konvoi,1 Jan 1976,1 Feb 2001,,1275.0,,,
24,Angra-3,Brazil,Under construction,PWR,Pre-Konvoi,1 Jun 2010,(2028),,1245.0,,,
25,Kozloduy-1,Bulgaria,Shut down,PWR,VVER-440/V-230,1 Apr 1970,28 Oct 1974,31 Dec 2002,408.0,,,
26,Kozloduy-2,Bulgaria,Shut down,PWR,VVER-440/V-230,1 Apr 1970,10 Nov 1975,31 Dec 2002,408.0,,,
27,Kozloduy-3,Bulgaria,Shut down,PWR,VVER-440/V-230,1 Oct 1973,20 Jan 1981,31 Dec 2006,408.0,,,
28,Kozloduy-4,Bulgaria,Shut down,PWR,VVER-440/V-230,1 Oct 1973,20 Jun 1982,31 Dec 2006,408.0,,,
29,Kozloduy-5,Bulgaria,Operational,PWR,VVER-1000/V-320,9 Jul 1980,23 Dec 1988,,1003.0,,,
30,Kozloduy-6,Bulgaria,Operational,PWR,VVER-1000/V-320,1 Apr 1982,30 Dec 1993,,1003.0,,,
31,Kozloduy-7,Bulgaria,Planned,PWR,AP1000,,(2033),,1150.0,,,
32,Kozloduy-8,Bulgaria,Planned,PWR,AP1000,,,,1150.0,,,
33,Belene-1,Bulgaria,Unfinished,PWR,"VVER-1000/V-320
VVER-1000/V-446B","1987
2008",,,982.0,,,
34,Belene-2,Bulgaria,Unfinished,PWR,"VVER-1000/V-320
VVER-1000/V-446B","1987
2008",,,982.0,,,
35,Pickering-1,Canada,Operational,PHWR,CANDU 500A,Jun 1966,29 Jul 1971,(2024),515.0,,,
36,Pickering-2,Canada,Shut down,PHWR,CANDU 500A,Sep 1966,30 Dec 1971,1997,515.0,,,
37,Pickering-3,Canada,Shut down,PHWR,CANDU 500A,Dec 1967,1 Jun 1972,1997,515.0,,,
38,Pickering-4,Canada,Operational,PHWR,CANDU 500A,May 1968,17 Jun 1973,(2024),515.0,,,
39,Pickering-5,Canada,Operational,PHWR,CANDU 500B,Nov 1974,10 May 1983,(2026),516.0,,,
40,Pickering-6,Canada,Operational,PHWR,CANDU 500B,Oct 1975,1 Feb 1984,(2026),516.0,,,
41,Pickering-7,Canada,Operational,PHWR,CANDU 500B,Mar 1976,1 Jan 1985,(2026),516.0,,,
42,Pickering-8,Canada,Operational,PHWR,CANDU 500B,Sep 1976,28 Feb 1986,(2026),516.0,,,
43,Darlington-1,Canada,Operational,PHWR,CANDU 850,Apr 1982,14 Nov 1992,(2052),878.0,,,
44,Darlington-2,Canada,Operational,PHWR,CANDU 850,Sep 1981,9 Oct 1990,(2050),878.0,,,
45,Darlington-3,Canada,Operational,PHWR,CANDU 850,Sep 1984,14 Feb 1993,(2053),878.0,,,
46,Darlington-4,Canada,Operational,PHWR,CANDU 850,Jul 1985,14 Jun 1993,(2053),878.0,,,
47,Darlington-5,Canada,Planned,BWR,BWRX-300,(2023),(2028),,300.0,,,
48,Darlington-6,Canada,Planned,BWR,BWRX-300,(2023),(2028),,300.0,,,
49,Darlington-7,Canada,Planned,BWR,BWRX-300,(2023),(2029),,300.0,,,
50,Darlington-8,Canada,Planned,BWR,BWRX-300,(2023),(2029),,300.0,,,
51,Bruce-1,Canada,Operational,PHWR,CANDU 791,Jun 1971,1 Sep 1977,(2043),823.0,,,
52,Bruce-2,Canada,Operational,PHWR,CANDU 791,Dec 1970,1 Sep 1977,(2043),823.0,,,
53,Bruce-3,Canada,Operational,PHWR,CANDU 750A,Jul 1972,1 Feb 1978,(2064),817.0,,,
54,Bruce-4,Canada,Operational,PHWR,CANDU 750A,Sep 1972,18 Jan 1979,(2064),817.0,,,
55,Bruce-5,Canada,Operational,PHWR,CANDU 750B,Jun 1978,1 Mar 1985,(2064),817.0,,,
56,Bruce-6,Canada,Operational,PHWR,CANDU 750B,Jan 1978,15 Sep 1984,(2064),880.0,,,
57,Bruce-7,Canada,Operational,PHWR,CANDU 750B,May 1979,10 Apr 1986,(2064),817.0,,,
58,Bruce-8,Canada,Operational,PHWR,CANDU 750B,Aug 1979,22 May 1987,(2064),817.0,,,
59,NPD-1,Canada,Shut down,PHWR,CANDU,Jan 1958,4 Jun 1962,1987,19.0,,,
60,Douglas Point-1,Canada,Shut down,PHWR,CANDU 200,Feb 1960,26 Sep 1968,4 May 1984,200.0,,,
61,Gentilly-1,Canada,Shut down,BWR,CANDU BLWR 250,Sep 1966,1 May 1972,1977,250.0,,,
62,Gentilly-2,Canada,Shut down,PHWR,CANDU-6,Apr 1974,1 Oct 1983,28 Dec 2012,635.0,,,
63,Point Lepreau-1,Canada,Operational,PHWR,CANDU-6,May 1975,1 Feb 1983,(2041),635.0,,,
64,Bailong-1,China,Planned,PWR,CAP-1000,,,,1100.0,,,
65,Bailong-2,China,Planned,PWR,CAP-1000,,,,1100.0,,,
66,Changjiang-I-1,China,Operational,PWR,CNP-600,25 Apr 2010,25 Dec 2015,,601.0,,,
67,Changjiang-I-2,China,Operational,PWR,CNP-600,21 Nov 2010,20 Jun 2016,,601.0,,,
68,Changjiang-I-3,China,Under construction,PWR,Hualong One,31 Mar 2021,,,1200.0,,,
69,Changjiang-I-4,China,Under construction,PWR,Hualong One,31 Mar 2021,,,1200.0,,,
70,Changjiang-II-1,China,Under construction,PWR,ACP-100,13 Jul 2021,,,100.0,,,
71,Changjiang-II-2,China,Planned,PWR,ACP-100,,,,100.0,,,
72,Daya Bay-1,China,Operational,PWR,M-310,7 Aug 1987,1 Feb 1994,,944.0,,,
73,Daya Bay-2,China,Operational,PWR,M-310,7 Apr 1988,6 May 1994,,944.0,,,
74,Fangchenggang-1,China,Operational,PWR,CPR-1000,30 Jul 2010,25 Oct 2015,,1000.0,,,
75,Fangchenggang-2,China,Operational,PWR,CPR-1000,23 Dec 2010,15 Jul 2016,,1000.0,,,
76,Fangchenggang-3,China,Operational,PWR,Hualong One,24 Dec 2015,25 Mar 2023,,1000.0,,,
77,Fangchenggang-4,China,Under construction,PWR,Hualong One,24 Dec 2016,(2024),,1000.0,,,
78,Fangchenggang-5,China,Planned,PWR,Hualong One,,,,1117.0,,,
79,Fangchenggang-6,China,Planned,PWR,Hualong One,,,,1117.0,,,
80,Fangjiashan-1,China,Operational,PWR,CPR-1000,26 Dec 2008,15 Dec 2014,,1012.0,,,
81,Fangjiashan-2,China,Operational,PWR,CPR-1000,17 Jul 2009,12 Feb 2015,,1012.0,,,
82,Fuqing-1,China,Operational,PWR,CPR-1000,21 Nov 2008,19 Nov 2014,,1000.0,,,
83,Fuqing-2,China,Operational,PWR,CPR-1000,17 Jun 2009,15 Oct 2015,,1000.0,,,
84,Fuqing-3,China,Operational,PWR,CPR-1000,31 Dec 2010,7 Sep 2016,,1000.0,,,
85,Fuqing-4,China,Operational,PWR,CPR-1000,17 Nov 2012,31 Jul 2017,,1000.0,,,
86,Fuqing-5,China,Operational,PWR,Hualong One,15 Apr 2015,30 Jan 2021,,1000.0,,,
87,Fuqing-6,China,Operational,PWR,Hualong One,22 Dec 2015,25 Mar 2022,,1000.0,,,
88,Haiyang-1,China,Operational,PWR,AP1000,24 Sep 2009,23 Oct 2018,,1170.0,,,
89,Haiyang-2,China,Operational,PWR,AP1000,20 Jun 2010,9 Jan 2019,,1170.0,,,
90,Haiyang-3,China,Under construction,PWR,CAP-1000,7 Jul 2022,,,1100.0,,,
91,Haiyang-4,China,Under construction,PWR,CAP-1000,22 Apr 2023,,,1100.0,,,
92,Haixing-1,China,Planned,PWR,CAP-1000,,,,1100.0,,,
93,Haixing-2,China,Planned,PWR,CAP-1000,,,,1100.0,,,
94,Hongyanhe-1,China,Operational,PWR,CPR-1000,18 Aug 2007,6 Jun 2013,,1061.0,,,
95,Hongyanhe-2,China,Operational,PWR,CPR-1000,28 Mar 2008,13 May 2014,,1061.0,,,
96,Hongyanhe-3,China,Operational,PWR,CPR-1000,7 Mar 2009,23 Mar 2015,,1061.0,,,
97,Hongyanhe-4,China,Operational,PWR,CPR-1000,15 Aug 2009,1 Apr 2016,,1061.0,,,
98,Hongyanhe-5,China,Operational,PWR,ACPR-1000,29 Mar 2015,2 Aug 2021,,1061.0,,,
99,Hongyanhe-6,China,Operational,PWR,ACPR-1000,24 Jul 2015,23 Jun 2022,,1061.0,,,
100,Lianjiang-1,China,Under construction,PWR,CAP-1000,27 Sep 2023,,,1100.0,,,
101,Lianjiang-2,China,Planned,PWR,CAP-1000,,,,1100.0,,,
102,Ling Ao-1,China,Operational,PWR,M-310,15 May 1997,28 May 2002,,950.0,,,
103,Ling Ao-2,China,Operational,PWR,M-310,28 Nov 1997,8 Jan 2003,,950.0,,,
104,Ling Ao-3,China,Operational,PWR,CPR-1000,15 Dec 2005,15 Sep 2010,,1007.0,,,
105,Ling Ao-4,China,Operational,PWR,CPR-1000,15 Jun 2006,7 Aug 2011,,1007.0,,,
106,Lufeng-1,China,Planned,PWR,CAP-1000,,,,1100.0,,,
107,Lufeng-2,China,Planned,PWR,CAP-1000,,,,1100.0,,,
108,Lufeng-3,China,Planned,PWR,CAP-1000,,,,1100.0,,,
109,Lufeng-4,China,Planned,PWR,CAP-1000,,,,1100.0,,,
110,Lufeng-5,China,Under construction,PWR,Hualong One,8 Sep 2022,,,1000.0,,,
111,Lufeng-6,China,Under construction,PWR,Hualong One,26 Aug 2023,,,1000.0,,,
112,Ningde-1,China,Operational,PWR,CPR-1000,18 Feb 2008,15 Apr 2013,,1018.0,,,
113,Ningde-2,China,Operational,PWR,CPR-1000,12 Nov 2008,4 May 2014,,1018.0,,,
114,Ningde-3,China,Operational,PWR,CPR-1000,8 Jan 2010,10 Jun 2015,,1018.0,,,
115,Ningde-4,China,Operational,PWR,CPR-1000,29 Sep 2010,29 Mar 2016,,1018.0,,,
116,Ningde-5,China,Planned,PWR,Hualong One,,,,1080.0,,,
117,Ningde-6,China,Planned,PWR,Hualong One,,,,1080.0,,,
118,Pengze-1,China,Planned,PWR,CAP-1000,,,,1100.0,,,
119,Pengze-2,China,Planned,PWR,CAP-1000,,,,1100.0,,,
120,Qinshan-I-1,China,Operational,PWR,CNP-300,20 Mar 1985,1 Apr 1994,,308.0,,,
121,Qinshan-II-1,China,Operational,PWR,CNP-600,2 Jun 1996,15 Apr 2002,,610.0,,,
122,Qinshan-II-2,China,Operational,PWR,CNP-600,1 Apr 1997,3 May 2004,,610.0,,,
123,Qinshan-II-3,China,Operational,PWR,CNP-600,28 Apr 2006,5 Oct 2010,,619.0,,,
124,Qinshan-II-4,China,Operational,PWR,CNP-600,28 Jan 2007,30 Dec 2011,,619.0,,,
125,Qinshan-III-1,China,Operational,PHWR,CANDU-6,8 Jun 1998,31 Dec 2002,,677.0,,,
126,Qinshan-III-2,China,Operational,PHWR,CANDU-6,25 Sep 1998,24 Jul 2003,,677.0,,,
127,San'ao-1,China,Under construction,PWR,Hualong One,31 Dec 2020,,,1117.0,,,
128,San'ao-2,China,Under construction,PWR,Hualong One,30 Dec 2021,,,1000.0,,,
129,Sanmen-1,China,Operational,PWR,AP1000,19 Apr 2009,21 Sep 2018,,1157.0,,,
130,Sanmen-2,China,Operational,PWR,AP1000,15 Dec 2009,5 Nov 2018,,1157.0,,,
131,Sanmen-3,China,Under construction,PWR,CAP-1000,28 Jun 2022,,,1163.0,,,
132,Sanmen-4,China,Under construction,PWR,CAP-1000,22 Mar 2023,,,1100.0,,,
133,Shidaowan-I-1,China,Operational,HTGR,HTR-PM,9 Dec 2012,6 Dec 2023,,200.0,,,
134,Shidaowan-II-1,China,Under construction,PWR,CAP-1400,19 Jun 2019,(2025),,1500.0,,,
135,Shidaowan-II-2,China,Under construction,PWR,CAP-1400,21 Apr 2020,(2025),,1500.0,,,
136,Taipingling-1,China,Under construction,PWR,Hualong One,26 Dec 2019,,,1116.0,,,
137,Taipingling-2,China,Under construction,PWR,Hualong One,15 Oct 2020,,,1116.0,,,
138,Taishan-1,China,Operational,PWR,EPR,18 Nov 2009,14 Dec 2018,,1660.0,,,
139,Taishan-2,China,Operational,PWR,EPR,15 Apr 2010,7 Sep 2019,,1660.0,,,
140,Taishan-3,China,Planned,PWR,EPR,,,,1660.0,,,
141,Taishan-4,China,Planned,PWR,EPR,,,,1660.0,,,
142,Taohuajiang-1,China,Planned,PWR,CAP-1000,,,,1100.0,,,
143,Taohuajiang-2,China,Planned,PWR,CAP-1000,,,,1100.0,,,
144,Taohuajiang-3,China,Planned,PWR,CAP-1000,,,,1100.0,,,
145,Taohuajiang-4,China,Planned,PWR,CAP-1000,,,,1100.0,,,
146,Tianwan-1,China,Operational,PWR,VVER-1000/V-428,20 Oct 1999,17 May 2007,,990.0,,,
147,Tianwan-2,China,Operational,PWR,VVER-1000/V-428,20 Sep 2000,16 Aug 2007,,990.0,,,
148,Tianwan-3,China,Operational,PWR,VVER-1000/V-428M,27 Dec 2012,14 Feb 2018,,1045.0,,,
149,Tianwan-4,China,Operational,PWR,VVER-1000/V-428M,27 Sep 2013,22 Dec 2018,,1045.0,,,
150,Tianwan-5,China,Operational,PWR,ACPR-1000,27 Dec 2015,8 Sep 2020,,1000.0,,,
151,Tianwan-6,China,Operational,PWR,ACPR-1000,7 Sep 2016,3 Jun 2021,,1000.0,,,
152,Tianwan-7,China,Under construction,PWR,VVER-1200/V-491,19 May 2021,(2027–2028),,1150.0,,,
153,Tianwan-8,China,Under construction,PWR,VVER-1200/V-491,25 Feb 2022,(2027–2028),,1150.0,,,
154,Xianning-1,China,Planned,PWR,CAP-1000,,,,1100.0,,,
155,Xianning-2,China,Planned,PWR,CAP-1000,,,,1100.0,,,
156,Xiapu-I-1,China,Under construction,SFR,CFR-600,29 Dec 2017,(2023),,642.0,,,
157,Xiapu-I-2,China,Under construction,SFR,CFR-600,27 Dec 2020,,,642.0,,,
158,Xiapu-II-1,China,Planned,PWR,CAP-1000,,,,1100.0,,,
159,Xiapu-II-2,China,Planned,PWR,CAP-1000,,,,1100.0,,,
160,Xiapu-II-3,China,Planned,PWR,CAP-1000,,,,1100.0,,,
161,Xiapu-II-4,China,Planned,PWR,CAP-1000,,,,1100.0,,,
162,Xudabao-1,China,Under construction,PWR,CAP-1000,6 Nov 2023 ,,,1250.0,,,
163,Xudabao-2,China,Planned,PWR,CAP-1000,,,,1100.0,,,
164,Xudabao-3,China,Under construction,PWR,VVER-1200/V-491,28 Jul 2021,(2027),,1150.0,,,
165,Xudabao-4,China,Under construction,PWR,VVER-1200/V-491,19 May 2022,(2028),,1150.0,,,
166,Yangjiang-1,China,Operational,PWR,CPR-1000,16 Dec 2008,25 Mar 2014,,1000.0,,,
167,Yangjiang-2,China,Operational,PWR,CPR-1000,4 Jun 2009,8 Jun 2015,,1000.0,,,
168,Yangjiang-3,China,Operational,PWR,CPR-1000+,15 Nov 2010,1 Jan 2016,,1000.0,,,
169,Yangjiang-4,China,Operational,PWR,CPR-1000+,17 Nov 2012,15 Mar 2017,,1000.0,,,
170,Yangjiang-5,China,Operational,PWR,ACPR-1000,18 Sep 2013,12 Jul 2018,,1000.0,,,
171,Yangjiang-6,China,Operational,PWR,ACPR-1000,23 Dec 2013,24 Jul 2019,,1000.0,,,
172,Zhangzhou-1,China,Under construction,PWR,Hualong One,16 Oct 2019,,,1126.0,,,
173,Zhangzhou-2,China,Under construction,PWR,Hualong One,4 Sep 2020,,,1126.0,,,
174,Zhangzhou-3,China,Planned,PWR,Hualong One,,,,1000.0,,,
175,Zhangzhou-4,China,Planned,PWR,Hualong One,,,,1000.0,,,
176,Juragua-1,Cuba,Unfinished,PWR,VVER-440/V-318,1983,,5 Sep 1992,440.0,,,
177,Juragua-2,Cuba,Unfinished,PWR,VVER-440/V-318,1985,,5 Sep 1992,440.0,,,
178,Dukovany-1,Czech Republic,Operational,PWR,VVER-440/V-213,1 Jan 1979,3 May 1985,,468.0,,,
179,Dukovany-2,Czech Republic,Operational,PWR,VVER-440/V-213,1 Jan 1979,21 Mar 1986,,471.0,,,
180,Dukovany-3,Czech Republic,Operational,PWR,VVER-440/V-213,1 Mar 1979,20 Dec 1986,,468.0,,,
181,Dukovany-4,Czech Republic,Operational,PWR,VVER-440/V-213,1 Mar 1979,19 Jul 1987,,471.0,,,
182,Dukovany-5,Czech Republic,Planned,PWR,TBD,,,,1200.0,,,
183,Temelín-1,Czech Republic,Operational,PWR,VVER-1000/V-320,1 Feb 1987,10 Jun 2002,,1003.0,,,
184,Temelín-2,Czech Republic,Operational,PWR,VVER-1000/V-320,1 Feb 1987,18 Apr 2003,,1003.0,,,
185,El Dabaa-1,Egypt,Under construction,PWR,VVER-1200/V-529,20 Jul 2022,(2028),,1200.0,,,
186,El Dabaa-2,Egypt,Under construction,PWR,VVER-1200/V-529,19 Nov 2022,,,1200.0,,,
187,El Dabaa-3,Egypt,Under construction,PWR,VVER-1200/V-529,3 May 2023,,,1200.0,,,
188,El Dabaa-4,Egypt,Planned,PWR,VVER-1200/V-529,,,,1200.0,,,
189,Hanhikivi-1,Finland,Cancelled,PWR,VVER-1200/V-491,(2023),(2029),2 May 2022,1200.0,,,
190,Loviisa-1,Finland,Operational,PWR,VVER-440/V-213,1 May 1971,9 May 1977,,507.0,,,
191,Loviisa-2,Finland,Operational,PWR,VVER-440/V-213,1 Aug 1972,5 Jan 1981,,507.0,,,
192,Olkiluoto-1,Finland,Operational,BWR,"ASEA-III, BWR-2500",1 Feb 1974,10 Oct 1979,,890.0,,,
193,Olkiluoto-2,Finland,Operational,BWR,"ASEA-III, BWR-2500",1 Nov 1975,10 Jul 1982,,890.0,,,
194,Olkiluoto-3,Finland,Operational,PWR,EPR,12 Aug 2005,16 Apr 2023,,1600.0,,,
195,Belleville-1,France,Operational,PWR,P4 REP 1300,1 May 1980,1 Jun 1988,,1310.0,,,
196,Belleville-2,France,Operational,PWR,P4 REP 1300,1 Aug 1980,1 Jan 1989,,1310.0,,,
197,Blayais-1,France,Operational,PWR,CP1,1 Jan 1977,1 Dec 1981,,910.0,,,
198,Blayais-2,France,Operational,PWR,CP1,1 Jan 1977,1 Feb 1983,,910.0,,,
199,Blayais-3,France,Operational,PWR,CP1,1 Apr 1978,14 Nov 1983,,910.0,,,
200,Blayais-4,France,Operational,PWR,CP1,1 Apr 1978,1 Oct 1983,,910.0,,,
201,Brennilis-1,France,Shut down/in decommissioning,HWGCR,,1 Jul 1962,1 Jun 1968,31 Jul 1985,70.0,,,
202,Bugey-1,France,Shut down,GCR,UNGG,1 Dec 1965,1 Jul 1972,27 May 1994,540.0,,,
203,Bugey-2,France,Operational,PWR,CP0,1 Nov 1972,1 Mar 1979,,910.0,,,
204,Bugey-3,France,Operational,PWR,CP0,1 Sep 1973,1 Mar 1979,,910.0,,,
205,Bugey-4,France,Operational,PWR,CP0,1 Jun 1974,1 Jul 1979,,880.0,,,
206,Bugey-5,France,Operational,PWR,CP0,1 Jul 1974,3 Jan 1980,,880.0,,,
207,Bugey-6,France,Planned,PWR,EPR2,,,,1670.0,,,
208,Bugey-7,France,Planned,PWR,EPR2,,,,1670.0,,,
209,Cattenom-1,France,Operational,PWR,P4 REP 1300,29 Oct 1979,1 Apr 1987,,1300.0,,,
210,Cattenom-2,France,Operational,PWR,P4 REP 1300,28 Jul 1980,1 Feb 1988,,1300.0,,,
211,Cattenom-3,France,Operational,PWR,P4 REP 1300,15 Jun 1982,1 Feb 1991,,1300.0,,,
212,Cattenom-4,France,Operational,PWR,P4 REP 1300,28 Sep 1983,1 Jan 1992,,1300.0,,,
213,Chinon-A-1,France,Shut down,GCR,UNGG,1 Feb 1957,1 Feb 1964,16 Apr 1973,70.0,,,
214,Chinon-A-2,France,Shut down,GCR,UNGG,1 Aug 1959,24 Feb 1965,14 Jun 1985,180.0,,,
215,Chinon-A-3,France,Shut down,GCR,UNGG,1 Mar 1961,4 Aug 1966,15 Jun 1990,360.0,,,
216,Chinon-B-1,France,Operational,PWR,CP2,1 Mar 1977,1 Feb 1984,,905.0,,,
217,Chinon-B-2,France,Operational,PWR,CP2,1 Mar 1977,1 Aug 1984,,905.0,,,
218,Chinon-B-3,France,Operational,PWR,CP2,1 Oct 1980,4 Mar 1987,,905.0,,,
219,Chinon-B-4,France,Operational,PWR,CP2,1 Feb 1981,1 Apr 1988,,905.0,,,
220,Chooz-A-1,France,Decommissioned,PWR,CHOOZ-A,1 Jan 1962,15 Apr 1967,30 Oct 1991,305.0,,,
221,Chooz-B-1,France,Operational,PWR,N4 REP 1450,1 Jan 1984,15 May 2000,,1500.0,,,
222,Chooz-B-2,France,Operational,PWR,N4 REP 1450,1 Jan 1984,15 May 2000,,1500.0,,,
223,Civaux-1,France,Operational,PWR,N4 REP 1450,15 Oct 1988,29 Jan 2002,,1495.0,,,
224,Civaux-2,France,Operational,PWR,N4 REP 1450,1 Apr 1991,23 Apr 2002,,1495.0,,,
225,Cruas-1,France,Operational,PWR,CP2,1 Aug 1978,2 Apr 1984,,915.0,,,
226,Cruas-2,France,Operational,PWR,CP2,15 Nov 1978,1 Apr 1985,,915.0,,,
227,Cruas-3,France,Operational,PWR,CP2,15 Apr 1979,10 Sep 1984,,915.0,,,
228,Cruas-4,France,Operational,PWR,CP2,1 Oct 1979,11 Feb 1985,,915.0,,,
229,Dampierre-1,France,Operational,PWR,CP1,1 Feb 1975,10 Sep 1980,,890.0,,,
230,Dampierre-2,France,Operational,PWR,CP1,1 Apr 1975,16 Feb 1981,,890.0,,,
231,Dampierre-3,France,Operational,PWR,CP1,1 Sep 1975,27 May 1981,,890.0,,,
232,Dampierre-4,France,Operational,PWR,CP1,1 Dec 1975,20 Nov 1981,,890.0,,,
233,Fessenheim-1,France,Shut down,PWR,CP0,1 Sep 1971,1 Jan 1978,22 Feb 2020,880.0,,,
234,Fessenheim-2,France,Shut down,PWR,CP0,1 Feb 1972,1 Apr 1978,29 Jun 2020,880.0,,,
235,Flamanville-1,France,Operational,PWR,P4 REP 1300,1 Dec 1979,1 Dec 1986,,1330.0,,,
236,Flamanville-2,France,Operational,PWR,P4 REP 1300,1 May 1980,9 Mar 1987,,1330.0,,,
237,Flamanville-3,France,Under construction,PWR,EPR,3 Dec 2007,(2024),,1600.0,,,
238,Golfech-1,France,Operational,PWR,P4 REP 1300,17 Nov 1982,1 Feb 1991,,1310.0,,,
239,Golfech-2,France,Operational,PWR,P4 REP 1300,1 Oct 1984,4 Mar 1994,,1310.0,,,
240,Gravelines-1,France,Operational,PWR,CP1,1 Feb 1975,25 Nov 1980,,910.0,,,
241,Gravelines-2,France,Operational,PWR,CP1,1 Mar 1975,1 Dec 1980,,910.0,,,
242,Gravelines-3,France,Operational,PWR,CP1,1 Dec 1975,1 Jun 1981,,910.0,,,
243,Gravelines-4,France,Operational,PWR,CP1,1 Apr 1976,1 Oct 1981,,910.0,,,
244,Gravelines-5,France,Operational,PWR,CP1,1 Oct 1979,15 Jan 1985,,910.0,,,
245,Gravelines-6,France,Operational,PWR,CP1,1 Oct 1979,25 Oct 1985,,910.0,,,
246,Gravelines-7,France,Planned,PWR,EPR2,,,,1670.0,,,
247,Gravelines-8,France,Planned,PWR,EPR2,,,,1670.0,,,
248,Nogent-1,France,Operational,PWR,P4 REP 1300,26 May 1981,24 Feb 1988,,1310.0,,,
249,Nogent-2,France,Operational,PWR,P4 REP 1300,1 Jan 1982,1 May 1989,,1310.0,,,
250,Paluel-1,France,Operational,PWR,P4 REP 1300,15 Aug 1977,1 Dec 1985,,1330.0,,,
251,Paluel-2,France,Operational,PWR,P4 REP 1300,1 Jan 1978,1 Dec 1985,,1330.0,,,
252,Paluel-3,France,Operational,PWR,P4 REP 1300,1 Feb 1979,1 Feb 1986,,1330.0,,,
253,Paluel-4,France,Operational,PWR,P4 REP 1300,1 Feb 1980,1 Jun 1986,,1330.0,,,
254,Penly-2,France,Operational,PWR,P4 REP 1300,1 Aug 1984,1 Nov 1992,,1330.0,,,
255,Penly-3,France,Planned,PWR,EPR2,(2024),,,1670.0,,,
256,Penly-4,France,Planned,PWR,EPR2,(2024),,,1670.0,,,
257,Phénix-1,France,Shut down,FBR,PH-250,1 Nov 1968,14 Jul 1974,1 Feb 2010,130.0,,,
258,Saint-Alban-1,France,Operational,PWR,P4 REP 1300,29 Jan 1979,1 May 1986,,1335.0,,,
259,Saint-Alban-2,France,Operational,PWR,P4 REP 1300,31 Jul 1979,1 Mar 1987,,1335.0,,,
260,Saint-Laurent-A-1,France,Shut down,GCR,UNGG,1 Oct 1963,1 Jun 1969,18 Apr 1990,390.0,,,
261,Saint-Laurent-A-2,France,Shut down,GCR,UNGG,1 Jan 1966,1 Nov 1971,27 May 1992,465.0,,,
262,Saint-Laurent-B-1,France,Operational,PWR,CP2,1 May 1976,1 Aug 1983,,915.0,,,
263,Saint-Laurent-B-2,France,Operational,PWR,CP2,1 Jul 1976,1 Aug 1983,,915.0,,,
264,Superphénix-1,France,Shut down/in decommissioning,FBR,Na-1200,13 Dec 1976,1 Dec 1986,31 Dec 1998,1200.0,,,
265,Tricastin-1,France,Operational,PWR,CP1,1 Nov 1974,1 Dec 1980,,915.0,,,
266,Tricastin-2,France,Operational,PWR,CP1,1 Dec 1974,1 Dec 1980,,915.0,,,
267,Tricastin-3,France,Operational,PWR,CP1,1 Apr 1975,11 May 1981,,915.0,,,
268,Tricastin-4,France,Operational,PWR,CP1,1 May 1975,1 Nov 1981,,915.0,,,
269,AVR-1,Germany,Shut down,HTGR,PBR Prototype,1 Aug 1961,19 May 1969,31 Dec 1988,13.0,,,
270,Biblis-1,Germany,Shut down/in decommissioning,PWR,Siemens-KWU,1 Jan 1970,26 Feb 1975,6 Aug 2011,1167.0,,,
271,Biblis-2,Germany,Shut down/in decommissioning,PWR,KWU,1 Feb 1972,31 Jan 1977,6 Aug 2011,1240.0,,,
272,Brokdorf-1,Germany,Shut down,PWR,KWU,1 Jan 1976,22 Dec 1986,31 Dec 2021,1410.0,,,
273,Brunsbüttel-1,Germany,Shut down,BWR,BWR-69,15 Apr 1970,9 Feb 1977,6 Aug 2011,771.0,,,
274,Emsland-1,Germany,Shut down,PWR,Konvoi (KWU),10 Aug 1982,20 Jun 1988,15 Apr 2023,1329.0,,,
275,Grafenrheinfeld-1,Germany,Shut down,PWR,KWU,1 Jan 1975,17 Jun 1982,27 Jun 2015,1275.0,,,
276,Greifswald-1,Germany,Shut down/in decommissioning,PWR,VVER-440/V-230,1 Mar 1970,12 Jul 1974,14 Feb 1990,408.0,,,
277,Greifswald-2,Germany,Shut down/in decommissioning,PWR,VVER-440/V-230,1 Mar 1970,16 Apr 1975,14 Feb 1990,408.0,,,
278,Greifswald-3,Germany,Shut down/in decommissioning,PWR,VVER-440/V-230,1 Apr 1972,1 May 1978,28 Feb 1990,408.0,,,
279,Greifswald-4,Germany,Shut down/in decommissioning,PWR,VVER-440/V-230,1 Apr 1972,1 Nov 1979,22 Jul 1990,408.0,,,
280,Greifswald-5,Germany,Shut down/in decommissioning,PWR,VVER-440/V-213,1 Dec 1976,1 Nov 1989,24 Nov 1989,408.0,,,
281,Greifswald-6,Germany,Finished; never entered service,PWR,VVER-440/V-213,,,,408.0,,,
282,Grohnde-1,Germany,Shut down,PWR,KWU,1 Jun 1976,1 Feb 1985,31 Dec 2021,1360.0,,,
283,Grosswelzheim-1,Germany,Dismantled,BWR,BWR,1 Jan 1965,2 Aug 1970,20 Apr 1971,25.0,,,
284,Gundremmingen-A,Germany,Shut down/in decommissioning,BWR,"GE, BWR-1",12 Dec 1962,12 Apr 1967,13 Jan 1977,237.0,,,
285,Gundremmingen-B,Germany,Shut down,BWR,BWR-72 (KWU),20 Jul 1976,19 Jul 1984,31 Dec 2017,1284.0,,,
286,Gundremmingen-C,Germany,Shut down,BWR,BWR-72 (KWU),20 Jul 1976,18 Jan 1985,31 Dec 2021,1288.0,,,
287,Isar-1,Germany,Shut down/in decommissioning,BWR,BWR-69,1 May 1972,21 Mar 1979,6 Aug 2011,878.0,,,
288,Isar-2,Germany,Shut down,PWR,Konvoi (KWU),15 Sep 1982,9 Apr 1988,15 Apr 2023,1410.0,,,
289,Kahl-1,Germany,Dismantled,BWR,BWR,1 Jul 1958,1 Feb 1962,25 Nov 1985,15.0,,,
290,SNR-300-1,Germany,Finished; never entered service,FBR,,1972,,1985,0,,,
291,KNK II-1,Germany,Shut down,FBR,,1 Sep 1974,3 Mar 1979,23 Aug 1991,17.0,,,
292,Krümmel-1,Germany,Shut down,BWR,BWR-69 (KWU),5 Apr 1974,28 Mar 1984,6 Aug 2011,1346.0,,,
293,Lingen-1,Germany,Shut down,BWR,BWR,1 Oct 1964,1 Oct 1968,5 Jan 1977,183.0,,,
294,Mülheim-Kärlich-1,Germany,Shut down/in decommissioning,PWR,B & W,15 Jan 1975,8 Aug 1987,9 Sep 1988,1219.0,,,
295,MZFR-1,Germany,Shut down,PHWR,PHWR,1 Dec 1961,19 Dec 1966,3 May 1984,52.0,,,
296,Neckarwestheim-1,Germany,Shut down,PWR,KWU,1 Feb 1972,1 Dec 1976,6 Aug 2011,785.0,,,
297,Neckarwestheim-2,Germany,Shut down,PWR,Konvoi (KWU),9 Nov 1982,15 Apr 1989,15 Apr 2023,1310.0,,,
298,Niederaichbach-1,Germany,Shut down/decommissioned,HWGCR,Pressure tube reactor,1 Jun 1966,1 Jan 1973,31 Jul 1974,100.0,,,
299,Obrigheim-1,Germany,Shut down/in decommissioning,PWR,Siemens,15 Mar 1965,31 Mar 1969,11 May 2005,340.0,,,
300,Philippsburg-1,Germany,Shut down,BWR,BWR-69,1 Oct 1970,26 Mar 1980,6 Aug 2011,890.0,,,
301,Philippsburg-2,Germany,Shut down,PWR,KWU,7 Jul 1977,18 Apr 1985,31 Dec 2019,1402.0,,,
302,Rheinsberg-1,Germany,Shut down/in decommissioning,PWR,VVER-70,1 Jan 1960,11 Oct 1966,1 Jun 1990,62.0,,,
303,Stade-1,Germany,Shut down/in decommissioning,PWR,Siemens,1 Dec 1967,19 May 1972,4 Nov 2003,640.0,,,
304,Stendal-1,Germany,Unfinished,PWR,VVER-1000/V-320,1983,,1990,0,,,
305,Stendal-2,Germany,Unfinished,PWR,VVER-1000/V-320,1983,,1990,0,,,
306,Stendal-3,Germany,Never built,PWR,VVER-1000/V-320,,,,0,,,
307,Stendal-4,Germany,Never built,PWR,VVER-1000/V-320,,,,0,,,
308,THTR-300-1,Germany,Decommissioned,HTGR,PBR,3 May 1971,1 Jun 1987,29 Sep 1988,296.0,,,
309,Unterweser-1,Germany,Shut down/in decommissioning,PWR,KWU,1 Jul 1972,6 Sep 1979,6 Aug 2011,1345.0,,,
310,Würgassen-1,Germany,Shut down/in decommissioning,BWR,BWR-69 (AEG),26 Jan 1968,11 Nov 1975,26 Aug 1994,640.0,,,
311,Paks-1,Hungary,Operational,PWR,VVER-440/V-213,1 Aug 1974,10 Aug 1983,,470.0,,,
312,Paks-2,Hungary,Operational,PWR,VVER-440/V-213,1 Aug 1974,14 Nov 1984,,473.0,,,
313,Paks-3,Hungary,Operational,PWR,VVER-440/V-213,1 Oct 1979,1 Dec 1986,,473.0,,,
314,Paks-4,Hungary,Operational,PWR,VVER-440/V-213,1 Oct 1979,1 Nov 1987,,471.0,,,
315,Paks-5,Hungary,Planned,PWR,VVER-1200,(2024),,,1114.0,,,
316,Paks-6,Hungary,Planned,PWR,VVER-1200,(2024),,,1114.0,,,
317,Chutka-1,India,Planned,PHWR,IPHWR-700,,,,630.0,,,
318,Chutka-2,India,Planned,PHWR,IPHWR-700,,,,630.0,,,
319,Gorakhpur-1,India,Planned,PHWR,IPHWR-700,,,,630.0,,,
320,Gorakhpur-2,India,Planned,PHWR,IPHWR-700,,,,630.0,,,
321,Gorakhpur-3,India,Planned,PHWR,IPHWR-700,,,,630.0,,,
322,Gorakhpur-4,India,Planned,PHWR,IPHWR-700,,,,630.0,,,
323,Jaitapur-1,India,Planned,PWR,EPR,,,,1600.0,,,
324,Jaitapur-2,India,Planned,PWR,EPR,,,,1600.0,,,
325,Jaitapur-3,India,Planned,PWR,EPR,,,,1600.0,,,
326,Jaitapur-4,India,Planned,PWR,EPR,,,,1600.0,,,
327,Jaitapur-5,India,Planned,PWR,EPR,,,,1600.0,,,
328,Jaitapur-6,India,Planned,PWR,EPR,,,,1600.0,,,
329,Kaiga-1,India,Operational,PHWR,IPHWR-220,1 Sep 1989,16 Nov 2000,,202.0,,,
330,Kaiga-2,India,Operational,PHWR,IPHWR-220,1 Dec 1989,16 Mar 2000,,202.0,,,
331,Kaiga-3,India,Operational,PHWR,IPHWR-220,30 Mar 2002,6 May 2007,,202.0,,,
332,Kaiga-4,India,Operational,PHWR,IPHWR-220,10 May 2002,20 Jan 2011,,202.0,,,
333,Kaiga-5,India,Planned,PHWR,IPHWR-700,,,,630.0,,,
334,Kaiga-6,India,Planned,PHWR,IPHWR-700,,,,630.0,,,
335,Kakrapar-1,India,Operational,PHWR,IPHWR-220,1 Dec 1984,6 May 1993,,202.0,,,
336,Kakrapar-2,India,Operational,PHWR,IPHWR-220,1 Apr 1985,1 Sep 1995,,202.0,,,
337,Kakrapar-3,India,Operational,PHWR,IPHWR-700,22 Nov 2010,30 Jun 2023,,630.0,,,
338,Kakrapar-4,India,Under construction,PHWR,IPHWR-700,22 Nov 2010,,,630.0,,,
339,Kudankulam-1,India,Operational,PWR,VVER-1000/V-412,31 Mar 2002,31 Dec 2014,,932.0,,,
340,Kudankulam-2,India,Operational,PWR,VVER-1000/V-412,4 Jul 2002,31 Mar 2017,,932.0,,,
341,Kudankulam-3,India,Under construction,PWR,VVER-1000/V-412,30 Jun 2017,,,917.0,,,
342,Kudankulam-4,India,Under construction,PWR,VVER-1000/V-412,23 Oct 2017,,,917.0,,,
343,Kudankulam-5,India,Under construction,PWR,VVER-1000/V-412,29 Jun 2021,,,917.0,,,
344,Kudankulam-6,India,Under construction,PWR,VVER-1000/V-412,20 Dec 2021,,,917.0,,,
345,Madras-1,India,Operational,PHWR,IPHWR-220,1 Jan 1971,27 Jan 1984,,205.0,,,
346,Madras-2,India,Operational,PHWR,IPHWR-220,1 Oct 1972,21 Mar 1986,,205.0,,,
347,Mahi Banswara-1,India,Planned,PHWR,IPHWR-700,,,,630.0,,,
348,Mahi Banswara-2,India,Planned,PHWR,IPHWR-700,,,,630.0,,,
349,Mahi Banswara-3,India,Planned,PHWR,IPHWR-700,,,,630.0,,,
350,Mahi Banswara-4,India,Planned,PHWR,IPHWR-700,,,,630.0,,,
351,Narora-1,India,Operational,PHWR,IPHWR-220,1 Dec 1976,1 Jan 1991,,202.0,,,
352,Narora-2,India,Operational,PHWR,IPHWR-220,1 Nov 1977,1 Jul 1992,,202.0,,,
353,PFBR-1,India,Under construction,FBR,Prototype,23 Oct 2004,,,470.0,,,
354,Rajasthan-1,India,Shut down,PHWR,CANDU,1 Aug 1965,16 Dec 1973,9 Oct 2004,90.0,,,
355,Rajasthan-2,India,Operational,PHWR,CANDU,1 Apr 1968,1 Apr 1981,,187.0,,,
356,Rajasthan-3,India,Operational,PHWR,IPHWR-220,1 Feb 1990,1 Jun 2000,,202.0,,,
357,Rajasthan-4,India,Operational,PHWR,IPHWR-220,1 Oct 1990,23 Dec 2000,,202.0,,,
358,Rajasthan-5,India,Operational,PHWR,IPHWR-220,18 Sep 2002,4 Feb 2010,,202.0,,,
359,Rajasthan-6,India,Operational,PHWR,IPHWR-220,20 Jan 2003,31 Mar 2010,,202.0,,,
360,Rajasthan-7,India,Under construction,PHWR,IPHWR-700,18 Jul 2011,,,630.0,,,
361,Rajasthan-8,India,Under construction,PHWR,IPHWR-700,30 Sep 2011,,,630.0,,,
362,Tarapur-1,India,Operational,BWR,"BWR-1, Mark 1",1 Oct 1964,28 Oct 1969,,150.0,,,
363,Tarapur-2,India,Operational,BWR,"BWR-1, Mark 1",1 Oct 1964,28 Oct 1969,,150.0,,,
364,Tarapur-3,India,Operational,PHWR,IPHWR-540,12 May 2000,18 Aug 2006,,490.0,,,
365,Tarapur-4,India,Operational,PHWR,IPHWR-540,8 Mar 2000,12 Sep 2005,,490.0,,,
366,Bushehr-1,Iran,Operational,PWR,VVER-1000/V-446,1 May 1975,23 Sep 2013,,915.0,,,
367,Bushehr-2,Iran,Under construction,PWR,VVER-1000/V-528,27 Sep 2019,,,915.0,,,
368,Bushehr-3,Iran,Planned,PWR,VVER-1000,,,,915.0,,,
369,Darkhovin-1,Iran,Unfinished; restart planned,PWR,,,,,360.0,,,
370,Caorso-1,Italy,Shut down/in decommissioning,BWR,BWR-4 Mark2,1 Jan 1970,1 Dec 1981,1 Jul 1990,860.0,,,
371,Enrico Fermi-1,Italy,Shut down/in decommissioning,PWR,WH 4-loop,1 Jul 1961,1 Jan 1965,1 Jul 1990,260.0,,,
372,Garigliano-1,Italy,Shut down/in decommissioning,BWR,BWR-1,1 Nov 1959,1 Jun 1964,1 Mar 1982,150.0,,,
373,Latina-1,Italy,Shut down/in decommissioning,GCR,Magnox,1 Nov 1958,1 Jan 1964,1 Dec 1987,153.0,,,
374,Alto Lazio-1,Italy,Unfinished,BWR,,1 Jul 1982,,1 Jan 1988,982.0,,,
375,Alto Lazio-2,Italy,Unfinished,BWR,,1 Jul 1982,,1 Jul 1988,982.0,,,
376,Trino 2 -1,Italy,Unfinished,PWR,,,,23 Dec 1987,950.0,,,
377,Trino 2 -2,Italy,Unfinished,PWR,,,,23 Dec 1987,950.0,,,
378,Fugen-1,Japan,Shut down,HWLWR,ATR,10 May 1972,20 Mar 1979,29 Mar 2003,148.0,,,
379,Fukushima Daiichi-1,Japan,Inoperable,BWR,BWR-3,25 Jul 1967,26 Mar 1971,19 May 2011,439.0,,,
380,Fukushima Daiichi-2,Japan,Inoperable,BWR,BWR-4,9 Jun 1969,18 Jul 1974,19 May 2011,760.0,,,
381,Fukushima Daiichi-3,Japan,Inoperable,BWR,BWR-4,28 Dec 1970,27 Mar 1976,19 May 2011,760.0,,,
382,Fukushima Daiichi-4,Japan,Inoperable,BWR,BWR-4,12 Feb 1973,12 Oct 1978,19 May 2011,760.0,,,
383,Fukushima Daiichi-5,Japan,Shut down,BWR,BWR-4,22 May 1972,18 Apr 1978,17 Dec 2013,760.0,,,
384,Fukushima Daiichi-6,Japan,Shut down,BWR,BWR-5,26 Oct 1973,24 Oct 1979,17 Dec 2013,1067.0,,,
385,Fukushima Daini-1,Japan,Shut down,BWR,BWR-5,16 Mar 1976,20 Apr 1982,30 Sep 2019,1067.0,,,
386,Fukushima Daini-2,Japan,Shut down,BWR,BWR-5,25 May 1979,3 Feb 1984,30 Sep 2019,1067.0,,,
387,Fukushima Daini-3,Japan,Shut down,BWR,BWR-5,23 Mar 1981,21 Jun 1985,30 Sep 2019,1067.0,,,
388,Fukushima Daini-4,Japan,Shut down,BWR,BWR-5,28 May 1981,25 Aug 1987,30 Sep 2019,1067.0,,,
389,Genkai-1,Japan,Shut down,PWR,Mitsubishi (2-loop),15 Sep 1971,15 Oct 1975,27 Apr 2015,529.0,,,
390,Genkai-2,Japan,Shut down,PWR,Mitsubishi (2-loop),1 Feb 1977,30 Mar 1981,9 Apr 2019,529.0,,,
391,Genkai-3,Japan,Operational,PWR,Mitsubishi (4-loop),1 Jun 1988,18 Mar 1994,,1127.0,,,
392,Genkai-4,Japan,Operational,PWR,Mitsubishi (4-loop),15 Jul 1992,25 Jul 1997,,1127.0,,,
393,Hamaoka-1,Japan,Shut down,BWR,BWR-4,10 Jun 1971,17 Mar 1976,30 Jan 2009,515.0,,,
394,Hamaoka-2,Japan,Shut down,BWR,BWR-4,14 Jun 1974,29 Nov 1978,30 Jan 2009,806.0,,,
395,Hamaoka-3,Japan,"Operation suspended
(under review)",BWR,BWR-5,18 Apr 1983,28 Aug 1987,,1056.0,,,
396,Hamaoka-4,Japan,"Operation suspended
(under review)",BWR,BWR-5,13 Oct 1989,3 Sep 1993,,1092.0,,,
397,Hamaoka-5,Japan,Operation suspended,BWR,ABWR,12 Jul 2000,18 Jan 2005,,1325.0,,,
398,Higashidōri (Tōhoku)-1,Japan,"Operation suspended
(under review)",BWR,BWR-5,7 Nov 2000,8 Dec 2005,,1067.0,,,
399,Higashidōri (Tokyo)-1,Japan,Unfinished; restart planned,BWR,ABWR,25 Jan 2011,,,1350.0,,,
400,Ikata-1,Japan,Shut down,PWR,Mitsubishi (2-loop),1 Sep 1973,30 Sep 1977,25 Mar 2016,538.0,,,
401,Ikata-2,Japan,Shut down,PWR,Mitsubishi (2-loop),1 Aug 1978,19 Mar 1982,27 Mar 2018,538.0,,,
402,Ikata-3,Japan,Operational,PWR,Mitsubishi (3-loop),1 Oct 1990,15 Dec 1994,,846.0,,,
403,Kashiwazaki-Kariwa-1,Japan,Operation suspended,BWR,BWR-5,5 Jun 1980,18 Sep 1985,,1067.0,,,
404,Kashiwazaki-Kariwa-2,Japan,Operation suspended,BWR,BWR-5,18 Nov 1985,28 Sep 1990,,1067.0,,,
405,Kashiwazaki-Kariwa-3,Japan,Operation suspended,BWR,BWR-5,7 Mar 1989,11 Aug 1993,,1067.0,,,
406,Kashiwazaki-Kariwa-4,Japan,Operation suspended,BWR,BWR-5,5 Mar 1990,11 Aug 1994,,1067.0,,,
407,Kashiwazaki-Kariwa-5,Japan,Operation suspended,BWR,BWR-5,20 Jun 1985,10 Apr 1990,,1067.0,,,
408,Kashiwazaki-Kariwa-6,Japan,"Operation suspended
(restart approved)",BWR,ABWR,3 Nov 1992,7 Nov 1996,,1315.0,,,
409,Kashiwazaki-Kariwa-7,Japan,"Operation suspended
(restart approved)",BWR,ABWR,1 Jul 1993,2 Jul 1997,,1315.0,,,
410,Mihama-1,Japan,Shut down,PWR,Mitsubishi (2-loop),1 Feb 1967,28 Nov 1970,Mar 2015,320.0,,,
411,Mihama-2,Japan,Shut down,PWR,Mitsubishi (2-loop),29 May 1968,25 Jul 1972,Mar 2015,470.0,,,
412,Mihama-3,Japan,Operational,PWR,Mitsubishi (3-loop),7 Aug 1972,1 Dec 1976,,780.0,,,
413,Monju-1,Japan,Shut down,FBR,,10 May 1986,29 Aug 1995,5 Dec 2017,246.0,,,
414,Ōi-1,Japan,Shut down,PWR,W (4-loop),26 Oct 1972,27 Mar 1979,Dec 2017,1120.0,,,
415,Ōi-2,Japan,Shut down,PWR,Westinghouse (4-loop),8 Dec 1972,5 Dec 1979,Dec 2017,1120.0,,,
416,Ōi-3,Japan,Operational,PWR,Mitsubishi (4-loop),3 Oct 1987,18 Dec 1991,,1127.0,,,
417,Ōi-4,Japan,Operational,PWR,Mitsubishi (4-loop),13 Jun 1988,2 Feb 1993,,1127.0,,,
418,Ōma-1,Japan,Under construction,BWR,ABWR,7 May 2010,,,1325.0,,,
419,Onagawa-1,Japan,Shut down,BWR,BWR-4,8 Jul 1980,1 Jun 1984,21 Dec 2018,498.0,,,
420,Onagawa-2,Japan,"Operation suspended
(restart approved)",BWR,BWR-5,12 Apr 1991,28 Jul 1995,,796.0,,,
421,Onagawa-3,Japan,Operation suspended,BWR,BWR-5,23 Jan 1998,30 Jan 2002,,796.0,,,
422,Sendai-1,Japan,Operational,PWR,Mitsubishi (3-loop),15 Dec 1979,4 Jul 1984,,846.0,,,
423,Sendai-2,Japan,Operational,PWR,Mitsubishi (3-loop),12 Oct 1981,28 Nov 1985,,846.0,,,
424,Shika-1,Japan,Operation suspended,BWR,BWR-5,1 Jul 1989,30 Jul 1993,,505.0,,,
425,Shika-2,Japan,"Operation suspended
(under review)",BWR,ABWR,20 Aug 2001,15 Mar 2006,,1108.0,,,
426,Shimane-1,Japan,Shut down,BWR,BWR-3,2 Jul 1970,29 Mar 1974,Mar 2015,439.0,,,
427,Shimane-2,Japan,"Operation suspended
(restart approved)",BWR,BWR-5,2 Feb 1985,10 Feb 1989,,789.0,,,
428,Shimane-3,Japan,Under construction,BWR,ABWR,12 Oct 2007,,,1325.0,,,
429,Takahama-1,Japan,Operational,PWR,Mitsubishi (3-loop),25 Apr 1970,14 Nov 1974,,780.0,,,
430,Takahama-2,Japan,Operational,PWR,Mitsubishi (3-loop),9 Mar 1971,14 Nov 1975,,780.0,,,
431,Takahama-3,Japan,Operational,PWR,Mitsubishi (3-loop),12 Dec 1980,17 Jan 1985,,830.0,,,
432,Takahama-4,Japan,Operational,PWR,Mitsubishi (3-loop),19 Mar 1981,5 Jun 1985,,830.0,,,
433,Tōkai-1,Japan,Shut down,GCR,Magnox,1 Mar 1961,25 Jul 1966,31 Mar 1998,137.0,,,
434,Tōkai-2,Japan,"Operation suspended
(restart approved)",BWR,BWR-5,3 Oct 1973,28 Nov 1978,,1060.0,,,
435,Tomari-1,Japan,"Operation suspended
(under review)",PWR,Mitsubishi (2-loop),18 Apr 1985,22 Jun 1989,,550.0,,,
436,Tomari-2,Japan,"Operation suspended
(under review)",PWR,Mitsubishi (2-loop),13 Jun 1985,12 Apr 1991,,550.0,,,
437,Tomari-3,Japan,"Operation suspended
(under review)",PWR,Mitsubishi (3-loop),18 Nov 2004,22 Dec 2009,,866.0,,,
438,Tsuruga-1,Japan,Shut down,BWR,BWR-2,24 Nov 1966,14 Mar 1970,Mar 2015,340.0,,,
439,Tsuruga-2,Japan,"Operation suspended
(under review)",PWR,Mitsubishi (4-loop),6 Nov 1982,17 Feb 1987,,1108.0,,,
440,Aktau-1,Kazakhstan,Shut down/in decommissioning,FBR,BN-350,1 Oct 1964,16 Jul 1973,22 Apr 1999,350.0,,,
441,Ignalina-1,Lithuania,Shut down/in decommissioning,LWGR,RBMK-1500,1 May 1977,1 May 1985,31 Dec 2004,1185.0,,,
442,Ignalina-2,Lithuania,Shut down/in decommissioning,LWGR,RBMK-1500,1 Jan 1978,1 Dec 1987,31 Dec 2009,1185.0,,,
443,Ignalina-3,Lithuania,Unfinished,LWGR,RBMK-1500,,,,1185.0,,,
444,Ignalina-4,Lithuania,Never built,LWGR,RBMK-1500,,,,1185.0,,,
445,Laguna Verde-1,Mexico,Operational,BWR,BWR-5,1 Oct 1976,28 Jul 1990,,777.0,,,
446,Laguna Verde-2,Mexico,Operational,BWR,BWR-5,1 Jun 1977,10 Apr 1995,,775.0,,,
447,Borssele-1,Netherlands,Operational,PWR,KWU 2LP,1 Jul 1969,26 Oct 1973,(2033),482.0,,,
448,Dodewaard-1,Netherlands,Shut down,BWR,BWR-2,1 May 1965,26 Mar 1969,26 Mar 1997,55.0,,,
449,Yongbyon-1,North Korea,Shut down,GCR,Magnox (Pu-production),,,1994,5.0,,,
450,Yongbyon-2,North Korea,Planned,LWR,,,,,30.0,,,
451,Taechon-1,North Korea,Unfinished,,,,,1994,200.0,,,
452,Kumho-1,North Korea,Unfinished,PWR,,,,2003,1000.0,,,
453,Kumho-2,North Korea,Unfinished,PWR,,,,2003,1000.0,,,
454,Chashma-1,Pakistan,Operational,PWR,CNP-300,1 Aug 1993,15 Sep 2000,,300.0,,,
455,Chashma-2,Pakistan,Operational,PWR,CNP-300,28 Dec 2005,18 May 2011,,300.0,,,
456,Chashma-3,Pakistan,Operational,PWR,CNP-300,28 May 2011,6 Dec 2016,,315.0,,,
457,Chashma-4,Pakistan,Operational,PWR,CNP-300,18 Dec 2011,19 Sep 2017,,313.0,,,
458,Chashma-5,Pakistan,Planned,PWR,Hualong One,,,,1080.0,,,
459,Karachi-1,Pakistan,Shut down,PHWR,CANDU-137 MW,1 Aug 1966,7 Dec 1972,1 Aug 2021,90.0,,,
460,Karachi-2,Pakistan,Operational,PWR,Hualong One,23 May 2013,19 Mar 2021,,1014.0,,,
461,Karachi-3,Pakistan,Operational,PWR,Hualong One,31 May 2016,18 Apr 2022,,1014.0,,,
462,Bataan-1,Philippines,Unfinished; restart planned,PWR,Westinghouse,1976,,1986,621.0,,,
463,Żarnowiec-1,Poland,Unfinished,PWR,VVER-440,31 Mar 1982,,4 Sep 1990,440.0,,,
464,Żarnowiec-2,Poland,Unfinished,PWR,VVER-440,31 Mar 1982,,4 Sep 1990,440.0,,,
465,Choczewo-1,Poland,Planned,PWR,AP1000,(2026),(2033),,1250.0,,,
466,Choczewo-2,Poland,Planned,PWR,AP1000,,(2035–2036),,1250.0,,,
467,Choczewo-3,Poland,Planned,PWR,AP1000,,(2037–2039),,1250.0,,,
468,Pątnów-1,Poland,Planned,PWR,APR-1400,,,,1340.0,,,
469,Pątnów-2,Poland,Planned,PWR,APR-1400,,,,1340.0,,,
470,Włocławek-1,Poland,Planned,BWR,BWRX-300,,(2030),,300.0,,,
471,Ostrołęka-1,Poland,Planned,BWR,BWRX-300,,(2030),,300.0,,,
472,Warsaw-1,Poland,Planned,BWR,BWRX-300,,(2030),,300.0,,,
473,Tarnobrzeg/Stalowa Wola-1,Poland,Planned,BWR,BWRX-300,,(2030),,300.0,,,
474,Dąbrowa Górnicza-1,Poland,Planned,BWR,BWRX-300,,(2030),,300.0,,,
475,Stawy Monowskie-1,Poland,Planned,BWR,BWRX-300,,(2030),,300.0,,,
476,Kraków-1,Poland,Planned,BWR,BWRX-300,,(2030),,300.0,,,
477,Cernavodă-1,Romania,Operational,PHWR,CANDU-6,31 Mar 1983,2 Dec 1996,,650.0,,,
478,Cernavodă-2,Romania,Operational,PHWR,CANDU-6,1 Jul 1983,1 Nov 2007,,650.0,,,
479,Cernavodă-3,Romania,Unfinished; restart planned,PHWR,CANDU-6,,,,650.0,,,
480,Cernavodă-4,Romania,Unfinished; restart planned,PHWR,CANDU-6,,,,650.0,,,
481,Cernavodă-5,Romania,Unfinished,PHWR,CANDU-6,,,,650.0,,,
482,Akademik Lomonosov-1,Russia,Operational,PWR,KLT-40S,15 Apr 2007,19 Dec 2019,,32.0,,,
483,Akademik Lomonosov-2,Russia,Operational,PWR,KLT-40S,15 Apr 2007,19 Dec 2019,,32.0,,,
484,Balakovo-1,Russia,Operational,PWR,VVER-1000/V-320,1 Dec 1980,23 May 1986,,950.0,,,
485,Balakovo-2,Russia,Operational,PWR,VVER-1000/V-320,1 Aug 1981,18 Jan 1988,,950.0,,,
486,Balakovo-3,Russia,Operational,PWR,VVER-1000/V-320,1 Nov 1982,8 Apr 1989,,950.0,,,
487,Balakovo-4,Russia,Operational,PWR,VVER-1000/V-320,1 Apr 1984,22 Dec 1993,,950.0,,,
488,Beloyarsk-1,Russia,Shut down,LWGR,AMB-100,1 Jun 1958,26 Apr 1964,1 Jan 1983,102.0,,,
489,Beloyarsk-2,Russia,Shut down,LWGR,AMB-200,1 Jan 1962,1 Dec 1969,1 Jan 1990,146.0,,,
490,Beloyarsk-3,Russia,Operational,SFR,BN-600,1 Jan 1969,1 Nov 1981,,560.0,,,
491,Beloyarsk-4,Russia,Operational,SFR,BN-800,18 Jul 2006,10 Dec 2015,,789.0,,,
492,Beloyarsk-5,Russia,Planned,SFR,BN-1200,,,,1100.0,,,
493,Bilibino-1,Russia,Shut down,LWGR,EGP-6,1 Jan 1970,1 Apr 1974,14 Jan 2019,11.0,,,
494,Bilibino-2,Russia,Operational,LWGR,EGP-6,1 Jan 1970,1 Feb 1975,,11.0,,,
495,Bilibino-3,Russia,Operational,LWGR,EGP-6,1 Jan 1970,1 Feb 1976,,11.0,,,
496,Bilibino-4,Russia,Operational,LWGR,EGP-6,1 Jan 1970,1 Jan 1977,,11.0,,,
497,Kalinin-1,Russia,Operational,PWR,VVER-1000/V-338,1 Feb 1977,12 Jun 1985,,950.0,,,
498,Kalinin-2,Russia,Operational,PWR,VVER-1000/V-338,1 Feb 1982,3 Mar 1987,,950.0,,,
499,Kalinin-3,Russia,Operational,PWR,VVER-1000/V-320,1 Oct 1985,8 Nov 2005,,950.0,,,
500,Kalinin-4,Russia,Operational,PWR,VVER-1000/V-320,1 Aug 1986,25 Dec 2012,,950.0,,,
501,Kaliningrad-1,Russia,"Under construction
(suspended)",PWR,VVER-1200/V-491,22 Feb 2012,,,1109.0,,,
502,Kaliningrad-2,Russia,Planned,PWR,VVER-1200/V-491,,,,1109.0,,,
503,Kola-1,Russia,Operational,PWR,VVER-440/V-230,1 May 1970,28 Dec 1973,,441.0,,,
504,Kola-2,Russia,Operational,PWR,VVER-440/V-230,1 May 1970,21 Feb 1975,,441.0,,,
505,Kola-3,Russia,Operational,PWR,VVER-440/V-213,1 Apr 1977,3 Dec 1982,,441.0,,,
506,Kola-4,Russia,Operational,PWR,VVER-440/V-213,1 Aug 1976,6 Dec 1984,,441.0,,,
507,Kola II-1,Russia,Planned,PWR,VVER-S-600,(2028),(2034),,600.0,,,
508,Kola II-2,Russia,Planned,PWR,VVER-S-600,(2028),(2034),,600.0,,,
509,Kostroma-1,Russia,Unfinished; restart planned,PWR,VVER-1200,1979,,,1300.0,,,
510,Kostroma-2,Russia,Unfinished; restart planned,PWR,VVER-1200,1979,,,1300.0,,,
511,Kostroma-3,Russia,Unfinished; restart planned,PWR,VVER-1200,1979,,,1300.0,,,
512,Kostroma-4,Russia,Unfinished; restart planned,PWR,VVER-1200,1979,,,1300.0,,,
513,Kursk-1,Russia,Shut down,LWGR,RBMK-1000,1 Jun 1972,12 Oct 1977,19 Dec 2021,925.0,,,
514,Kursk-2,Russia,Operational,LWGR,RBMK-1000,1 Jan 1973,17 Aug 1979,,925.0,,,
515,Kursk-3,Russia,Operational,LWGR,RBMK-1000,1 Apr 1978,30 Mar 1984,,925.0,,,
516,Kursk-4,Russia,Operational,LWGR,RBMK-1000,1 May 1981,5 Feb 1986,,925.0,,,
517,Kursk II-1,Russia,Under construction,PWR,VVER-TOI/V-510,29 Apr 2018,,,1115.0,,,
518,Kursk II-2,Russia,Under construction,PWR,VVER-TOI/V-510,15 Apr 2019,,,1115.0,,,
519,Kursk II-3,Russia,Planned,PWR,VVER-TOI,,,,1115.0,,,
520,Kursk II-4,Russia,Planned,PWR,VVER-TOI,,,,1115.0,,,
521,Leningrad-1,Russia,Shut down,LWGR,RBMK-1000,1 Mar 1970,1 Nov 1974,21 Dec 2018,925.0,,,
522,Leningrad-2,Russia,Shut down,LWGR,RBMK-1000,1 Jun 1970,11 Feb 1976,10 Nov 2020,925.0,,,
523,Leningrad-3,Russia,Operational,LWGR,RBMK-1000,1 Dec 1973,29 Jun 1980,,925.0,,,
524,Leningrad-4,Russia,Operational,LWGR,RBMK-1000,1 Feb 1975,29 Aug 1981,,925.0,,,
525,Leningrad II-1,Russia,Operational,PWR,VVER-1200/V-491,25 Oct 2008,29 Oct 2018,,1085.0,,,
526,Leningrad II-2,Russia,Operational,PWR,VVER-1200/V-491,15 Apr 2010,22 Mar 2021,,1085.0,,,
527,Leningrad II-3,Russia,Planned,PWR,VVER-1200,(2024),(2030),,1085.0,,,
528,Leningrad II-4,Russia,Planned,PWR,VVER-1200,(2025),(2032),,1085.0,,,
529,MPEB No. 1-1,Russia,Under construction,PWR,RITM-200S,30 Aug 2022,(2027),,53.0,,,
530,MPEB No. 1-2,Russia,Under construction,PWR,RITM-200S,30 Aug 2022,(2027),,53.0,,,
531,MPEB No. 2-1,Russia,Planned,PWR,RITM-200S,(2022),(2027),,53.0,,,
532,MPEB No. 2-2,Russia,Planned,PWR,RITM-200S,(2022),(2027),,53.0,,,
533,MPEB No. 3-1,Russia,Planned,PWR,RITM-200S,(2022),(2028),,53.0,,,
534,MPEB No. 3-2,Russia,Planned,PWR,RITM-200S,(2022),(2028),,53.0,,,
535,MPEB No. 4-1,Russia,Planned,PWR,RITM-200S,(2022),(2031),,53.0,,,
536,MPEB No. 4-2,Russia,Planned,PWR,RITM-200S,(2022),(2031),,53.0,,,
537,Nizhny Novgorod-1,Russia,Planned,PWR,VVER-1200,,,,1300.0,,,
538,Nizhny Novgorod-2,Russia,Planned,PWR,VVER-1200,,,,1300.0,,,
539,Nizhny Novgorod-3,Russia,Planned,PWR,VVER-1200,,,,1300.0,,,
540,Nizhny Novgorod-4,Russia,Planned,PWR,VVER-1200,,,,1300.0,,,
541,Novovoronezh-1,Russia,Shut down,PWR,VVER/V-210,1 Jul 1957,31 Dec 1964,16 Feb 1988,197.0,,,
542,Novovoronezh-2,Russia,Shut down,PWR,VVER/V-365,1 Jun 1964,14 Apr 1970,29 Aug 1990,336.0,,,
543,Novovoronezh-3,Russia,Shut down,PWR,VVER-440/V-179,1 Jul 1967,29 Jun 1972,25 Dec 2016,385.0,,,
544,Novovoronezh-4,Russia,Operational,PWR,VVER 440/V-179,1 Jul 1967,24 Mar 1973,,385.0,,,
545,Novovoronezh-5,Russia,Operational,PWR,VVER-1000/V-187,1 Mar 1974,20 Feb 1981,,950.0,,,
546,Novovoronezh II-1,Russia,Operational,PWR,VVER-1200/V-392M,24 Jun 2008,27 Feb 2017,,1114.0,,,
547,Novovoronezh II-2,Russia,Operational,PWR,VVER-1200/V-392M,12 Jul 2009,6 Nov 2019,,1114.0,,,
548,Novovoronezh II-3,Russia,Planned,PWR,VVER-1200,,,,1175.0,,,
549,Novovoronezh II-4,Russia,Planned,PWR,VVER-1200,,,,1175.0,,,
550,Obninsk-1,Russia,Shut down,LWGR,AM-1,1 Jan 1951,1 Dec 1954,29 Apr 2002,5.0,,,
551,Rostov-1,Russia,Operational,PWR,VVER-1000/V-320,1 Sep 1981,25 Dec 2001,,950.0,,,
552,Rostov-2,Russia,Operational,PWR,VVER-1000/V-320,1 May 1983,10 Dec 2010,,950.0,,,
553,Rostov-3,Russia,Operational,PWR,VVER-1000/V-320,15 Sep 2009,27 Dec 2014,,950.0,,,
554,Rostov-4,Russia,Operational,PWR,VVER-1000/V-320,16 Jun 2010,28 Sep 2018,,1011.0,,,
555,Sakha-1,Russia,Planned,PWR,RITM-200N,(2024),(2028),,55.0,,,
556,Seversk-1,Russia,Under construction,FBR,BREST-300,8 Jun 2021,(2026),,280.0,,,
557,South Urals-1,Russia,Unfinished; restart planned,FBR,BN-1200,1982,,,1100.0,,,
558,South Urals-2,Russia,Unfinished; restart planned,FBR,BN-1200,1982,,,1100.0,,,
559,South Urals-3,Russia,Unfinished; restart planned,FBR,BN-1200,1982,,,1100.0,,,
560,Smolensk-1,Russia,Operational,LWGR,RBMK-1000,1 Oct 1975,30 Sep 1983,,925.0,,,
561,Smolensk-2,Russia,Operational,LWGR,RBMK-1000,1 Jun 1976,2 Jul 1985,,925.0,,,
562,Smolensk-3,Russia,Operational,LWGR,RBMK-1000,1 May 1984,12 Oct 1990,,925.0,,,
563,Smolensk II-1,Russia,Planned,PWR,VVER-TOI,,,,1300.0,,,
564,Smolensk II-2,Russia,Planned,PWR,VVER-TOI,,,,1300.0,,,
565,Tatar-2,Russia,Unfinished; restart planned,PWR,VVER-1200,1980,,,1300.0,,,
566,Bohunice-A-1,Slovakia,Decommissioned,HWGCR,KS 150,1 Aug 1958,25 Dec 1972,22 Feb 1977,93.0,,,
567,Bohunice-1,Slovakia,Shut down,PWR,VVER-440/V-230,24 Apr 1972,1 Apr 1980,31 Dec 2006,408.0,,,
568,Bohunice-2,Slovakia,Shut down,PWR,VVER-440/V-230,24 Apr 1972,1 Jan 1981,31 Dec 2008,408.0,,,
569,Bohunice-3,Slovakia,Operational,PWR,VVER-440/V-213,1 Dec 1976,14 Feb 1985,(2045),472.0,,,
570,Bohunice-4,Slovakia,Operational,PWR,VVER-440/V-213,1 Dec 1976,18 Dec 1985,(2045),471.0,,,
571,Mochovce-1,Slovakia,Operational,PWR,VVER-440 V-213,13 Oct 1983,29 Oct 1998,(2058),436.0,,,
572,Mochovce-2,Slovakia,Operational,PWR,VVER-440/V-213,13 Oct 1983,11 Apr 2000,(2060),436.0,,,
573,Mochovce-3,Slovakia,Operational,PWR,VVER-440/V-213,27 Jan 1987,17 Oct 2023,,440.0,,,
574,Mochovce-4,Slovakia,Under construction,PWR,VVER-440/V-213,27 Jan 1987,,,440.0,,,
575,Krško-1,Slovenia,Operational,PWR,WH 2 loops,30 Mar 1975,1 Jan 1983,(2043),688.0,,,
576,Krško-2,Slovenia,Planned,PWR,TBD,,(2030),,1100.0,,,
577,Koeberg-1,South Africa,Operational,PWR,CP1 (France),1 Jul 1976,21 Jul 1984,,930.0,,,
578,Koeberg-2,South Africa,Operational,PWR,CP1 (France),1 Jul 1976,9 Nov 1985,,930.0,,,
579,Hanbit-1,South Korea,Operational,PWR,WH F,4 Jun 1981,25 Aug 1986,,960.0,,,
580,Hanbit-2,South Korea,Operational,PWR,WH F,10 Dec 1981,10 Jun 1987,,958.0,,,
581,Hanbit-3,South Korea,Operational,PWR,OPR-1000,23 Dec 1989,31 Mar 1995,,997.0,,,
582,Hanbit-4,South Korea,Operational,PWR,OPR-1000,26 May 1990,1 Jan 1996,,997.0,,,
583,Hanbit-5,South Korea,Operational,PWR,OPR-1000,29 Jun 1997,21 May 2002,,997.0,,,
584,Hanbit-6,South Korea,Operational,PWR,OPR-1000,20 Nov 1997,24 Dec 2002,,995.0,,,
585,Hanul-1,South Korea,Operational,PWR,CP1 (France),26 Jan 1983,10 Sep 1988,,960.0,,,
586,Hanul-2,South Korea,Operational,PWR,CP1 (France),5 Jul 1983,30 Sep 1989,,962.0,,,
587,Hanul-3,South Korea,Operational,PWR,OPR-1000,21 Jul 1993,11 Aug 1998,,994.0,,,
588,Hanul-4,South Korea,Operational,PWR,OPR-1000,1 Nov 1993,31 Dec 1999,,998.0,,,
589,Hanul-5,South Korea,Operational,PWR,OPR-1000,1 Oct 1999,29 Jul 2004,,996.0,,,
590,Hanul-6,South Korea,Operational,PWR,OPR-1000,29 Sep 2000,22 Apr 2005,,996.0,,,
591,Shin-Hanul-1,South Korea,Operational,PWR,APR-1400,10 Jul 2012,7 Dec 2022,,1414.0,,,
592,Shin-Hanul-2,South Korea,Under construction,PWR,APR-1400,19 Jul 2012,,,1400.0,,,
593,Shin-Hanul-3,South Korea,Planned,PWR,APR-1400,,,,1340.0,,,
594,Shin-Hanul-4,South Korea,Planned,PWR,APR-1400,,,,1340.0,,,
595,Kori-1,South Korea,Shut down,PWR,WH 60,27 Apr 1972,29 Apr 1978,18 Jun 2017,576.0,,,
596,Kori-2,South Korea,Operational,PWR,WH F,4 Dec 1977,25 Jul 1983,,640.0,,,
597,Kori-3,South Korea,Operational,PWR,WH F,1 Oct 1979,30 Sep 1985,,1011.0,,,
598,Kori-4,South Korea,Operational,PWR,WH F,1 Apr 1980,29 Apr 1986,,1012.0,,,
599,Shin-Kori-1,South Korea,Operational,PWR,OPR-1000,16 Jun 2006,28 Feb 2011,,996.0,,,
600,Shin-Kori-2,South Korea,Operational,PWR,OPR-1000,5 Jun 2007,20 Jul 2012,,996.0,,,
601,Saeul-1,South Korea,Operational,PWR,APR-1400,16 Oct 2008,15 Jan 2016,,1416.0,,,
602,Saeul-2,South Korea,Operational,PWR,APR-1400,19 Aug 2009,29 Aug 2019,,1418.0,,,
603,Saeul-3,South Korea,Under construction,PWR,APR-1400,1 Apr 2017,,,1400.0,,,
604,Saeul-4,South Korea,Under construction,PWR,APR-1400,20 Sep 2018,,,1400.0,,,
605,Wolsong-1,South Korea,Shut down,PHWR,CANDU-6,30 Oct 1977,22 Apr 1983,24 Dec 2019,657.0,,,
606,Wolsong-2,South Korea,Operational,PHWR,CANDU-6,22 Jun 1992,1 Jul 1997,,655.0,,,
607,Wolsong-3,South Korea,Operational,PHWR,CANDU-6,17 Mar 1994,1 Jul 1998,,684.0,,,
608,Wolsong-4,South Korea,Operational,PHWR,CANDU-6,22 Jul 1994,1 Oct 1999,,688.0,,,
609,Shin-Wolsong-1,South Korea,Operational,PWR,OPR-1000,20 Nov 2007,31 Jul 2012,,991.0,,,
610,Shin-Wolsong-2,South Korea,Operational,PWR,OPR-1000,23 Sep 2008,26 Feb 2015,,960.0,,,
611,Almaraz-1,Spain,Operational,PWR,WH 3 loops,3 Jul 1973,1 Sep 1983,,1011.0,,,
612,Almaraz-2,Spain,Operational,PWR,WH 3 loops,3 Jul 1973,1 Jul 1984,,1006.0,,,
613,Ascó-1,Spain,Operational,PWR,WH 3 loops,16 May 1974,10 Dec 1984,,995.0,,,
614,Ascó-2,Spain,Operational,PWR,WH-3 loops,7 Mar 1975,31 Mar 1986,,997.0,,,
615,Cofrentes-1,Spain,Operational,BWR,BWR-6,9 Sep 1975,11 Mar 1985,,1064.0,,,
616,José Cabrera-1,Spain,Shut down/in decommissioning,PWR,WH 1 loop,24 Jun 1964,13 Aug 1969,30 Apr 2006,141.0,,,
617,Lemoniz-1,Spain,Unfinished,PWR,,1972,,1984,0,,,
618,Lemoniz-2,Spain,Unfinished,PWR,,1972,,1984,0,,,
619,Santa María de Garoña-1,Spain,Shut down/in decommissioning,BWR,BWR-3,11 May 1971,15 Feb 1975,6 Jul 2013,446.0,,,
620,Trillo-1,Spain,Operational,PWR,KWU 3 loops,17 Aug 1979,6 Aug 1988,,1003.0,,,
621,Valdecaballeros-1,Spain,Unfinished,BWR,,1975,,1984,0,,,
622,Valdecaballeros-2,Spain,Unfinished,BWR,,1975,,1984,0,,,
623,Vandellòs-1,Spain,Shut down/in decommissioning,GCR,,1967,2 Aug 1972,31 Jul 1990,480.0,,,
624,Vandellòs-2,Spain,Operational,PWR,WH 3 loops,29 Dec 1980,8 Mar 1988,,1045.0,,,
625,Barsebäck-2,Sweden,Shut down/in decommissioning,BWR,ASEA-II,1 Jan 1973,1 Jul 1977,31 May 2005,600.0,,,
626,Forsmark-2,Sweden,Operational,BWR,"ASEA-III, BWR-2500",1 Jan 1975,7 Jul 1981,,1116.0,,,
627,Forsmark-3,Sweden,Operational,BWR,"ASEA-IV, BWR-3000",1 Jan 1979,18 Aug 1985,,1167.0,,,
628,Oskarshamn-2,Sweden,Shut down/in decommissioning,BWR,ASEA-II,1 Sep 1969,1 Jan 1975,22 Dec 2016,638.0,,,
629,Oskarshamn-3,Sweden,Operational,BWR,"ASEA-IV, BWR-3000",1 May 1980,15 Aug 1985,,1450.0,,,
630,Ringhals-2,Sweden,Shut down/in decommissioning,PWR,WH 3-loops,1 Oct 1970,1 May 1975,30 Dec 2019,904.0,,,
631,Ringhals-3,Sweden,Operational,PWR,WH 3-loops,1 Sep 1972,9 Sep 1981,,1062.0,,,
632,Ringhals-4,Sweden,Operational,PWR,WH 3-loops,1 Nov 1973,21 Nov 1983,,1104.0,,,
633,Beznau-1,Switzerland,Operational,PWR,WH 2-loops,1 Sep 1965,1 Sep 1969,(2029),365.0,,,
634,Beznau-2,Switzerland,Operational,PWR,WH 2-loops,1 Jan 1968,1 Dec 1971,(2031),365.0,,,
635,Gösgen-1,Switzerland,Operational,PWR,KWU 3-loops,1 Dec 1973,1 Nov 1979,,1010.0,,,
636,Leibstadt-1,Switzerland,Operational,BWR,BWR-6,1 Jan 1974,15 Dec 1984,,1220.0,,,
637,Lucens-1,Switzerland,Decommissioned,HWGCR,HWGCR,1 Apr 1962,29 Dec 1966,21 Jan 1969,6.0,,,
638,Mühleberg-1,Switzerland,Shut down/in decommissioning,BWR,BWR-4,1 Mar 1967,6 Nov 1972,20 Dec 2019,373.0,,,
639,Jinshan-1,Taiwan,Shut down/in decommissioning,BWR,BWR-4,2 Jun 1972,10 Dec 1978,3 Oct 2018,636.0,,,
640,Jinshan-2,Taiwan,Shut down/in decommissioning,BWR,BWR-4,7 Dec 1973,15 Jul 1979,3 Oct 2018,636.0,,,
641,Kuosheng-1,Taiwan,Shut down,BWR,BWR-6,19 Nov 1975,28 Dec 1981,1 Jul 2021,985.0,,,
642,Kuosheng-2,Taiwan,Shut down,BWR,BWR-6,15 Mar 1976,16 Mar 1983,15 Mar 2023,985.0,,,
643,Lungmen-1,Taiwan,Unfinished,BWR,ABWR,31 Mar 1999,,2014,1350.0,,,
644,Lungmen-2,Taiwan,Unfinished,BWR,ABWR,30 Aug 1999,,2014,1350.0,,,
645,Maanshan-1,Taiwan,Operational,PWR,WH 312 3-loop,21 Aug 1978,27 Jul 1984,,951.0,,,
646,Maanshan-2,Taiwan,Operational,PWR,WH 312 3-loop,21 Feb 1979,18 May 1985,,951.0,,,
647,Akkuyu-1,Turkey,Under construction,PWR,VVER-1200/V-509,3 Apr 2018,(2025),,1114.0,,,
648,Akkuyu-2,Turkey,Under construction,PWR,VVER-1200/V-509,8 Apr 2020,(2026),,1114.0,,,
649,Akkuyu-3,Turkey,Under construction,PWR,VVER-1200/V-509,10 Mar 2021,(2027),,1114.0,,,
650,Akkuyu-4,Turkey,Under construction,PWR,VVER-1200/V-509,21 Jul 2022,(2028),,1114.0,,,
651,Sinop-1,Turkey,Cancelled,PWR,Atmea-1,,,,1100.0,,,
652,Sinop-2,Turkey,Cancelled,PWR,Atmea-1,,,,1100.0,,,
653,Sinop-3,Turkey,Cancelled,PWR,Atmea-1,,,,1100.0,,,
654,Sinop-4,Turkey,Cancelled,PWR,Atmea-1,,,,1100.0,,,
655,Chernobyl-1,Ukraine,Shut down/in decommissioning,LWGR,RBMK-1000,1 Mar 1970,27 May 1978,30 Nov 1996,740.0,,,
656,Chernobyl-2,Ukraine,Shut down/in decommissioning,LWGR,RBMK-1000,1 Feb 1973,28 May 1979,11 Oct 1991,925.0,,,
657,Chernobyl-3,Ukraine,Shut down/in decommissioning,LWGR,RBMK-1000,1 Mar 1976,8 Jun 1982,15 Dec 2000,925.0,,,
658,Chernobyl-4,Ukraine,Destroyed,LWGR,RBMK-1000,1 Apr 1979,26 Mar 1984,26 Apr 1986,925.0,,,
659,Chernobyl-5,Ukraine,Unfinished,LWGR,RBMK-1000,,,,925.0,,,
660,Chernobyl-6,Ukraine,Unfinished,LWGR,RBMK-1000,,,,925.0,,,
661,Chyhyryn-1,Ukraine,Planned,PWR,AP1000,,,,1100.0,,,
662,Chyhyryn-2,Ukraine,Planned,PWR,AP1000,,,,1100.0,,,
663,Crimean-1,Ukraine,Unfinished,PWR,VVER-1000,26 Jan 1984,,1987,950.0,,,
664,Crimean-2,Ukraine,Unfinished,PWR,VVER-1000,26 Jan 1984,,1987,950.0,,,
665,Kharkiv-1,Ukraine,Unfinished,PWR,VVER-1000,1988,,1990,900.0,,,
666,Kharkiv-2,Ukraine,Unfinished,PWR,VVER-1000,1988,,1990,900.0,,,
667,Khmelnytskyi-1,Ukraine,Operational,PWR,VVER-1000/V-320,1 Nov 1981,13 Aug 1988,,950.0,,,
668,Khmelnytskyi-2,Ukraine,Operational,PWR,VVER-1000/V-320,1 Feb 1985,15 Dec 2005,,950.0,,,
669,Khmelnytskyi-3,Ukraine,Under construction,PWR,VVER-1000,1 Mar 1986,(2026),,950.0,,,
670,Khmelnytskyi-4,Ukraine,Under construction,PWR,VVER-1000,,,,950.0,,,
671,Khmelnytskyi-5,Ukraine,Planned,PWR,AP1000,,,,1100.0,,,
672,Khmelnytskyi-6,Ukraine,Planned,PWR,AP1000,,,,1100.0,,,
673,Odesa-1,Ukraine,Unfinished,PWR,VVER-1000,,,1989,900.0,,,
674,Odesa-2,Ukraine,Unfinished,PWR,VVER-1000,,,1989,900.0,,,
675,Rivne-1,Ukraine,Operational,PWR,VVER-440/V-213,1 Aug 1973,22 Sep 1981,,381.0,,,
676,Rivne-2,Ukraine,Operational,PWR,VVER-440/V-213,1 Oct 1973,29 Jul 1982,,376.0,,,
677,Rivne-3,Ukraine,Operational,PWR,VVER-1000/V-320,1 Feb 1980,16 May 1987,,950.0,,,
678,Rivne-4,Ukraine,Operational,PWR,VVER-1000/V-320,1 Aug 1986,6 Apr 2006,,950.0,,,
679,Rivne-5,Ukraine,Planned,PWR,AP1000,,,,1100.0,,,
680,South Ukraine-1,Ukraine,Operational,PWR,VVER-1000/V-302,1 Aug 1976,2 Dec 1983,,950.0,,,
681,South Ukraine-2,Ukraine,Operational,PWR,VVER-1000/V-338,1 Jul 1981,6 Apr 1985,,950.0,,,
682,South Ukraine-3,Ukraine,Operational,PWR,VVER-1000/V-320,1 Nov 1984,29 Dec 1989,,950.0,,,
683,South Ukraine-4,Ukraine,Planned,PWR,AP1000,,,,1100.0,,,
684,Zaporizhzhia-1,Ukraine,Operational,PWR,VVER-1000/V-320,1 Apr 1980,25 Dec 1985,,950.0,,,
685,Zaporizhzhia-2,Ukraine,Operational,PWR,VVER-1000/V-320,1 Jan 1981,15 Feb 1986,,950.0,,,
686,Zaporizhzhia-3,Ukraine,Operational,PWR,VVER-1000/V-320,1 Apr 1982,5 Mar 1987,,950.0,,,
687,Zaporizhzhia-4,Ukraine,Operational,PWR,VVER-1000/V-320,1 Apr 1983,14 Apr 1988,,950.0,,,
688,Zaporizhzhia-5,Ukraine,Operational,PWR,VVER-1000/V-320,1 Nov 1985,27 Oct 1989,,950.0,,,
689,Zaporizhzhia-6,Ukraine,Operational,PWR,VVER-1000/V-320,1 Jun 1986,17 Sep 1996,,950.0,,,
690,Barakah-1,United Arab Emirates,Operational,PWR,APR-1400,19 Jul 2012,6 Apr 2021,,1345.0,,,
691,Barakah-2,United Arab Emirates,Operational,PWR,APR-1400,16 Apr 2013,24 Mar 2022,,1345.0,,,
692,Barakah-3,United Arab Emirates,Operational,PWR,APR-1400,24 Sep 2014,24 Feb 2023,,1345.0,,,
693,Barakah-4,United Arab Emirates,Under construction,PWR,APR-1400,30 Jul 2015,(2023),,1345.0,,,
694,Berkeley-1,United Kingdom,Decommissioned,GCR,Magnox,1 Jan 1957,12 Jun 1962,31 Mar 1989,138.0,,,
695,Berkeley-2,United Kingdom,Decommissioned,GCR,Magnox,1 Jan 1957,20 Oct 1962,26 Oct 1988,138.0,,,
696,Bradwell-1,United Kingdom,Decommissioned,GCR,Magnox,1 Jan 1957,1 Jul 1962,31 Mar 2002,123.0,,,
697,Bradwell-2,United Kingdom,Decommissioned,GCR,Magnox,1 Jan 1957,12 Nov 1962,30 Mar 2002,123.0,,,
698,Bradwell B-1,United Kingdom,Planned,PWR,Hualong One,,,,1117.0,,,
699,Bradwell B-2,United Kingdom,Planned,PWR,Hualong One,,,,1117.0,,,
700,Calder Hall-1,United Kingdom,Shut down/in decommissioning,GCR,Magnox,1 Aug 1953,1 Oct 1956,31 Mar 2003,49.0,,,
701,Calder Hall-2,United Kingdom,Shut down/in decommissioning,GCR,Magnox,1 Aug 1953,1 Feb 1957,31 Mar 2003,49.0,,,
702,Calder Hall-3,United Kingdom,Shut down/in decommissioning,GCR,Magnox,1 Aug 1955,1 May 1958,31 Mar 2003,49.0,,,
703,Calder Hall-4,United Kingdom,Shut down/in decommissioning,GCR,Magnox,1 Aug 1955,1 Apr 1959,31 Mar 2003,49.0,,,
704,Chapelcross-1,United Kingdom,Shut down/in decommissioning,GCR,Magnox,1 Oct 1955,1 Mar 1959,29 Jun 2004,48.0,,,
705,Chapelcross-2,United Kingdom,Shut down/in decommissioning,GCR,Magnox,1 Oct 1955,1 Aug 1959,29 Jun 2004,48.0,,,
706,Chapelcross-3,United Kingdom,Shut down/in decommissioning,GCR,Magnox,1 Oct 1955,1 Dec 1959,29 Jun 2004,48.0,,,
707,Chapelcross-4,United Kingdom,Shut down/in decommissioning,GCR,Magnox,1 Oct 1955,1 Mar 1960,29 Jun 2004,48.0,,,
708,Dounreay-1,United Kingdom,Shut down/in decommissioning,SFR,DFR,1 Mar 1955,1 Oct 1962,1 Mar 1977,11.0,,,
709,Dounreay-2,United Kingdom,Shut down/in decommissioning,SFR,PFR,1 Jan 1966,1 Jul 1976,31 Mar 1994,234.0,,,
710,Dungeness A-A-1,United Kingdom,Shut down/in decommissioning,GCR,Magnox,1 Jul 1960,28 Oct 1965,31 Dec 2006,225.0,,,
711,Dungeness A-A-2,United Kingdom,Shut down/in decommissioning,GCR,Magnox,1 Jul 1960,30 Dec 1965,31 Dec 2006,225.0,,,
712,Dungeness B-B-1,United Kingdom,Shut down,GCR,AGR,1 Oct 1965,1 Apr 1985,7 Jun 2021,520.0,,,
713,Dungeness B-B-2,United Kingdom,Shut down,GCR,AGR,1 Oct 1965,1 Apr 1989,7 Jun 2021,520.0,,,
714,Hartlepool-1,United Kingdom,Operational,GCR,AGR,1 Oct 1968,1 Apr 1989,(2026),595.0,,,
715,Hartlepool-2,United Kingdom,Operational,GCR,AGR,1 Oct 1968,1 Apr 1989,(2026),585.0,,,
716,Heysham-A-1,United Kingdom,Operational,GCR,AGR,1 Dec 1970,1 Apr 1989,(2026),585.0,,,
717,Heysham-A-2,United Kingdom,Operational,GCR,AGR,1 Dec 1970,1 Apr 1989,(2026),575.0,,,
718,Heysham-B-1,United Kingdom,Operational,GCR,AGR,1 Aug 1980,1 Apr 1989,(2028),610.0,,,
719,Heysham-B-2,United Kingdom,Operational,GCR,AGR,1 Aug 1980,1 Apr 1989,(2028),610.0,,,
720,Hinkley Point A-1,United Kingdom,Shut down/in decommissioning,GCR,Magnox,1 Nov 1957,30 Mar 1965,23 May 2000,235.0,,,
721,Hinkley Point A-2,United Kingdom,Shut down/in decommissioning,GCR,Magnox,1 Nov 1957,5 May 1965,23 May 2000,235.0,,,
722,Hinkley Point B-1,United Kingdom,Shut down/in decommissioning,GCR,AGR,1 Sep 1967,2 Oct 1978,1 Aug 2022,435.0,,,
723,Hinkley Point B-2,United Kingdom,Shut down/in decommissioning,GCR,AGR,1 Sep 1967,27 Sep 1976,6 Jul 2022,435.0,,,
724,Hinkley Point C-1,United Kingdom,Under construction,PWR,EPR,11 Dec 2018,(2027),,1600.0,,,
725,Hinkley Point C-2,United Kingdom,Under construction,PWR,EPR,12 Dec 2019,(2028),,1600.0,,,
726,Hunterston A-1,United Kingdom,Shut down/in decommissioning,GCR,Magnox,1 Oct 1957,5 Feb 1964,30 Mar 1990,150.0,,,
727,Hunterston A-2,United Kingdom,Shut down/in decommissioning,GCR,Magnox,1 Oct 1957,1 Jul 1964,31 Dec 1989,150.0,,,
728,Hunterston B-1,United Kingdom,Shut down,GCR,AGR,1 Nov 1967,6 Feb 1976,26 Nov 2021,460.0,,,
729,Hunterston B-2,United Kingdom,Shut down,GCR,AGR,1 Nov 1967,31 Mar 1977,7 Jan 2022,460.0,,,
730,Moorside-1,United Kingdom,Planned,PWR,EPR,,,,1600.0,,,
731,Moorside-2,United Kingdom,Planned,PWR,EPR,,,,1600.0,,,
732,Oldbury-1,United Kingdom,Shut down/in decommissioning,GCR,Magnox,1 May 1962,31 Dec 1967,29 Feb 2012,217.0,,,
733,Oldbury-2,United Kingdom,Shut down/in decommissioning,GCR,Magnox,1 May 1962,30 Sep 1968,30 Jun 2011,217.0,,,
734,Sizewell A-1,United Kingdom,Shut down/in decommissioning,GCR,Magnox,1 Apr 1961,25 Mar 1966,31 Dec 2006,210.0,,,
735,Sizewell A-2,United Kingdom,Shut down/in decommissioning,GCR,Magnox,1 Apr 1961,15 Sep 1966,31 Dec 2006,210.0,,,
736,Sizewell B-1,United Kingdom,Operational,PWR,WH SNUPPS,18 Jul 1988,22 Sep 1995,(2035),1191.0,,,
737,Sizewell C-1,United Kingdom,Planned,PWR,EPR,(2024),,,1600.0,,,
738,Sizewell C-2,United Kingdom,Planned,PWR,EPR,,,,1600.0,,,
739,Torness-1,United Kingdom,Operational,GCR,AGR,1 Aug 1980,25 May 1988,(2028),595.0,,,
740,Torness-2,United Kingdom,Operational,GCR,AGR,1 Aug 1980,3 Feb 1989,(2028),595.0,,,
741,Trawsfynydd-1,United Kingdom,Shut down/in decommissioning,GCR,Magnox,1 Jul 1959,24 Mar 1965,6 Feb 1991,195.0,,,
742,Trawsfynydd-2,United Kingdom,Shut down/in decommissioning,GCR,Magnox,1 Jul 1959,24 Mar 1965,4 Feb 1991,195.0,,,
743,Winfrith-1,United Kingdom,Shut down/in decommissioning,SGHWR,SGHWR,1 May 1963,1 Jan 1968,11 Sep 1990,92.0,,,
744,Wylfa-1,United Kingdom,Shut down/in decommissioning,GCR,Magnox,1 Sep 1963,1 Nov 1971,30 Dec 2015,490.0,,,
745,Wylfa-2,United Kingdom,Shut down/in decommissioning,GCR,Magnox,1 Sep 1963,3 Jan 1972,25 Apr 2012,490.0,,,
746,Arkansas Nuclear One-1,United States,Operational,PWR,B & W (DRY-Cont),1 Oct 1968,21 May 1974,,836.0,,,
747,Arkansas Nuclear One-2,United States,Operational,PWR,CE (DRY),6 Dec 1968,1 Sep 1978,,988.0,,,
748,Beaver Valley-1,United States,Operational,PWR,WH 3-loop (DRY),26 Jun 1970,2 Jul 1976,,908.0,,,
749,Beaver Valley-2,United States,Operational,PWR,WH 3-loop (DRY),3 May 1974,14 Aug 1987,,905.0,,,
750,Big Rock Point-1,United States,Dismantled,BWR,BWR-1,1 May 1960,29 Mar 1963,29 Aug 1997,67.0,,,
751,Braidwood-1,United States,Operational,PWR,WH 4-loop (DRY),1 Aug 1975,29 Jul 1988,,1194.0,,,
752,Braidwood-2,United States,Operational,PWR,WH 4-loop (DRY),1 Aug 1975,17 Oct 1988,,1160.0,,,
753,Browns Ferry-1,United States,Operational,BWR,BWR-4 (WET),1 May 1967,1 Aug 1974,,1200.0,,,
754,Browns Ferry-2,United States,Operational,BWR,BWR-4 (WET),1 May 1967,1 Mar 1975,,1200.0,,,
755,Browns Ferry-3,United States,Operational,BWR,BWR-4 (WET),1 Jul 1968,1 Mar 1977,,1210.0,,,
756,Brunswick-1,United States,Operational,BWR,BWR-4 (WET),7 Feb 1970,18 Mar 1977,,938.0,,,
757,Brunswick-2,United States,Operational,BWR,BWR-4 (WET),7 Feb 1970,3 Nov 1975,,932.0,,,
758,Byron-1,United States,Operational,PWR,WH 4-loop (DRY),1 Apr 1975,16 Sep 1985,,1164.0,,,
759,Byron-2,United States,Operational,PWR,WH 4-loop (DRY),1 Apr 1975,2 Aug 1987,,1136.0,,,
760,Callaway-1,United States,Operational,PWR,WH 4-loop (DRY),1 Sep 1975,19 Dec 1984,,1215.0,,,
761,Calvert Cliffs-1,United States,Operational,PWR,CE 2-loop (DRY),1 Jun 1968,8 May 1977,,877.0,,,
762,Calvert Cliffs-2,United States,Operational,PWR,CE 2-loop (DRY),1 Jun 1968,1 Apr 1977,,855.0,,,
763,Carbon Free Power Project-1,United States,Cancelled,PWR,NuScale,,,,77.0,,,
764,Carbon Free Power Project-2,United States,Cancelled,PWR,NuScale,,,,77.0,,,
765,Carbon Free Power Project-3,United States,Cancelled,PWR,NuScale,,,,77.0,,,
766,Carbon Free Power Project-4,United States,Cancelled,PWR,NuScale,,,,77.0,,,
767,Carbon Free Power Project-5,United States,Cancelled,PWR,NuScale,,,,77.0,,,
768,Carbon Free Power Project-6,United States,Cancelled,PWR,NuScale,,,,77.0,,,
769,Catawba-1,United States,Operational,PWR,WH 4-loop (ICECOND),1 May 1974,29 Jun 1985,,1160.0,,,
770,Catawba-2,United States,Operational,PWR,WH 4-loop (ICECOND),1 May 1974,19 Aug 1986,,1150.0,,,
771,Clinch River-1,United States,Planned,BWR,BWRX-300,,,,180.0,,,
772,Clinton-1,United States,Operational,BWR,BWR-6 (WET),1 Oct 1975,24 Nov 1987,,1062.0,,,
773,Columbia-1,United States,Operational,BWR,BWR-5 (WET),1 Aug 1972,13 Dec 1984,,1131.0,,,
774,Comanche Peak-1,United States,Operational,PWR,WH 4-loop (DRY),19 Dec 1974,13 Aug 1990,,1205.0,,,
775,Comanche Peak-2,United States,Operational,PWR,WH 4-loop (DRY),19 Dec 1974,3 Aug 1993,,1195.0,,,
776,Connecticut Yankee-1,United States,Dismantled,PWR,WH (DRY),1 May 1964,1 Jan 1968,5 Dec 1996,582.0,,,
777,Cooper-1,United States,Operational,BWR,BWR-4 (WET),1 Jun 1968,1 Jul 1974,,769.0,,,
778,Crystal River 3-1,United States,Shut down/in decommissioning,PWR,B & W (DRY),25 Sep 1968,13 Mar 1977,5 Feb 2013,860.0,,,
779,Davis-Besse-1,United States,Operational,PWR,B & W (DRY),1 Sep 1970,31 Jul 1978,,894.0,,,
780,Diablo Canyon-1,United States,Operational,PWR,WH 4-Loop (DRY),23 Apr 1968,7 May 1985,,1138.0,,,
781,Diablo Canyon-2,United States,Operational,PWR,WH 4-Loop (DRY),9 Dec 1970,13 Mar 1986,,1118.0,,,
782,Donald C. Cook-1,United States,Operational,PWR,WH 4-Loop (ICECOND),25 Mar 1969,27 Aug 1975,,1020.0,,,
783,Donald C. Cook-2,United States,Operational,PWR,WH 4-Loop (ICECOND),25 Mar 1969,1 Jul 1978,,1090.0,,,
784,Dresden-1,United States,Shut down,BWR,BWR-1,1 May 1956,4 Jul 1960,31 Oct 1978,197.0,,,
785,Dresden-2,United States,Operational,BWR,BWR-3 (WET),10 Jan 1966,9 Jun 1970,,894.0,,,
786,Dresden-3,United States,Operational,BWR,BWR-3 (WET),14 Oct 1966,16 Nov 1971,,879.0,,,
787,Duane Arnold-1,United States,Shut down,BWR,BWR-4 (WET),22 May 1970,1 Feb 1975,10 Aug 2020,601.0,,,
788,Edwin I. Hatch-1,United States,Operational,BWR,BWR-4 (WET),30 Sep 1968,31 Dec 1975,,924.0,,,
789,Edwin I. Hatch-2,United States,Operational,BWR,BWR-4 (WET),1 Feb 1972,5 Sep 1979,,924.0,,,
790,Elk River-1,United States,Dismantled,BWR,,1 Jan 1959,1 Jul 1964,1 Feb 1968,22.0,,,
791,Fermi-1,United States,Shut down,FBR,Prototype,8 Aug 1956,7 Aug 1966,29 Nov 1972,61.0,,,
792,Fermi-2,United States,Operational,BWR,BWR-4 (WET),26 Sep 1972,23 Jan 1988,,1115.0,,,
793,Fort Calhoun-1,United States,Shut down,PWR,CE 2-loop (WET),7 Jun 1968,9 Aug 1973,24 Oct 2016,482.0,,,
794,Fort St. Vrain-1,United States,Shut down,HTGR,General Atomics,1 Sep 1968,1 Jul 1979,29 Aug 1989,330.0,,,
795,Ginna-1,United States,Operational,PWR,WH 2-loop (DRY),25 Apr 1966,1 Jun 1970,,560.0,,,
796,Grand Gulf-1,United States,Operational,BWR,BWR-6 (WET),4 May 1974,1 Jul 1985,,1401.0,,,
797,H. B. Robinson-1,United States,Operational,PWR,WH 3-loop (DRY),13 Apr 1967,7 Mar 1971,,735.0,,,
798,Hallam-1,United States,Dismantled,SGR,Atomics International,1 Jan 1959,1 Nov 1963,1 Sep 1969,75.0,,,
799,Hartsville-A1,United States,Unfinished,BWR,BWR-6,23 May 1975,,29 Aug 1984,1285.0,,,
800,Hartsville-A2,United States,Unfinished,BWR,BWR-6,23 May 1975,,29 Aug 1984,1285.0,,,
801,Hartsville-B1,United States,Unfinished,BWR,BWR-6,23 May 1975,,22 Mar 1983,1285.0,,,
802,Hartsville-B2,United States,Unfinished,BWR,BWR-6,23 May 1975,,22 Mar 1983,1285.0,,,
803,Hope Creek-1,United States,Operational,BWR,BWR-4 (WET),1 Mar 1976,20 Dec 1986,,1172.0,,,
804,Humboldt Bay-1,United States,Dismantled,BWR,BWR-1,1 Nov 1960,1 Aug 1963,2 Jul 1976,63.0,,,
805,Indian Point-1,United States,Shut down,PWR,,1 May 1956,1 Oct 1962,31 Oct 1974,257.0,,,
806,Indian Point-2,United States,Shut down,PWR,WH 4-loop (DRY),14 Oct 1966,1 Aug 1974,30 Apr 2020,998.0,,,
807,Indian Point-3,United States,Shut down,PWR,WH 4-loop (DRY),1 Nov 1968,30 Aug 1976,30 Apr 2021,1030.0,,,
808,James A. FitzPatrick-1,United States,Operational,BWR,BWR-4 (WET),1 Sep 1968,28 Jul 1975,,813.0,,,
809,Joseph M. Farley-1,United States,Operational,PWR,WH 3-Loop (DRY),1 Oct 1970,1 Dec 1977,,874.0,,,
810,Joseph M. Farley-2,United States,Operational,PWR,WH 3-Loop (DRY),1 Oct 1970,30 Jul 1981,,883.0,,,
811,Kemmerer-1,United States,Planned,SFR,Natrium,,,,345.0,,,
812,Kewaunee-1,United States,Shut down,PWR,WH 2-loop (DRY),6 Aug 1968,16 Jun 1974,7 May 2013,566.0,,,
813,La Crosse-1,United States,Dismantled,BWR,BWR-1,1 Mar 1963,7 Nov 1969,30 Apr 1987,48.0,,,
814,LaSalle County-1,United States,Operational,BWR,BWR-5 (WET),10 Sep 1973,1 Jan 1984,,1137.0,,,
815,LaSalle County-2,United States,Operational,BWR,BWR-5 (WET),10 Sep 1973,19 Oct 1984,,1140.0,,,
816,Limerick-1,United States,Operational,BWR,BWR-5 (WET),19 Jun 1974,1 Feb 1986,,1134.0,,,
817,Limerick-2,United States,Operational,BWR,BWR-5 (WET),19 Jun 1974,8 Jan 1990,,1134.0,,,
818,Maine Yankee-1,United States,Dismantled,PWR,WH (DRY),1 Oct 1968,28 Dec 1972,1 Aug 1997,860.0,,,
819,Marble Hill-1,United States,Unfinished,PWR,WH (DRY),1 Aug 1977,,10 Jan 1984,1130.0,,,
820,McGuire-1,United States,Operational,PWR,WH 4-Loop (ICECOND),1 Apr 1971,1 Dec 1981,,1158.0,,,
821,McGuire-2,United States,Operational,PWR,WH 4-Loop (ICECOND),1 Apr 1971,1 Mar 1984,,1158.0,,,
822,Millstone-1,United States,Shut down,BWR,BWR-3 (WET),1 May 1966,28 Dec 1970,21 Jul 1998,641.0,,,
823,Millstone-2,United States,Operational,PWR,CE 2-loop (DRY),1 Nov 1969,26 Dec 1975,,869.0,,,
824,Millstone-3,United States,Operational,PWR,WH 4-Loop (DRY),9 Aug 1974,23 Apr 1986,,1210.0,,,
825,Monticello-1,United States,Operational,BWR,BWR-3 (WET),19 Jun 1967,30 Jun 1971,,628.0,,,
826,Nine Mile Point-1,United States,Operational,BWR,BWR-2 (WET),12 Apr 1965,1 Dec 1969,,613.0,,,
827,Nine Mile Point-2,United States,Operational,BWR,BWR-5 (WET),1 Aug 1975,11 Mar 1988,,1277.0,,,
828,North Anna-1,United States,Operational,PWR,WH 3-Loop (DRY),19 Feb 1971,6 Jun 1978,,948.0,,,
829,North Anna-2,United States,Operational,PWR,WH 3-Loop (DRY),19 Feb 1971,14 Dec 1980,,944.0,,,
830,Oconee-1,United States,Operational,PWR,B & W (DRY),6 Nov 1967,15 Jul 1973,,847.0,,,
831,Oconee-2,United States,Operational,PWR,B & W (DRY),6 Nov 1967,9 Sep 1974,,848.0,,,
832,Oconee-3,United States,Operational,PWR,B & W (DRY),6 Nov 1967,16 Dec 1974,,859.0,,,
833,Oyster Creek-1,United States,Shut down,BWR,BWR-2 (WET),15 Dec 1964,23 Dec 1969,17 Sep 2018,619.0,,,
834,Palisades-1,United States,Shut down,PWR,CE 2-loop (DRY),14 Mar 1967,31 Dec 1971,20 May 2022,805.0,,,
835,Palo Verde-1,United States,Operational,PWR,CE80 2-loop (DRY),25 May 1976,28 Jan 1986,,1311.0,,,
836,Palo Verde-2,United States,Operational,PWR,CE80 2-loop (DRY),1 Jun 1976,19 Sep 1986,,1314.0,,,
837,Palo Verde-3,United States,Operational,PWR,CE80 2-loop (DRY),1 Jun 1976,8 Jan 1988,,1312.0,,,
838,Parr-1,United States,Dismantled,PHWR,CVTR,1 Jan 1960,18 Dec 1963,10 Jan 1967,17.0,,,
839,Pathfinder-1,United States,Dismantled,BWR,BWR-1,1 Jan 1959,1 Aug 1966,1 Oct 1967,59.0,,,
840,Peach Bottom-1,United States,Shut down,GCR,Prototype,1 Feb 1962,1 Jun 1966,1 Nov 1974,40.0,,,
841,Peach Bottom-2,United States,Operational,BWR,BWR-4 (WET),31 Jan 1968,5 Jul 1974,,1300.0,,,
842,Peach Bottom-3,United States,Operational,BWR,BWR-4 (WET),31 Jan 1968,23 Dec 1974,,1331.0,,,
843,Perry-1,United States,Operational,BWR,BWR-6 (WET),1 Oct 1974,18 Nov 1987,,1240.0,,,
844,Pilgrim-1,United States,Shut down,BWR,BWR-3 (WET),26 Aug 1968,9 Dec 1972,31 May 2019,677.0,,,
845,Piqua-1,United States,Decommissioned,OCR,Atomics International,1 Jan 1960,1 Nov 1963,1 Jan 1966,12.0,,,
846,Point Beach-1,United States,Operational,PWR,WH 2-loop (DRY),19 Jul 1967,21 Dec 1970,,591.0,,,
847,Point Beach-2,United States,Operational,PWR,WH 2-loop (DRY),25 Jul 1968,1 Oct 1972,,591.0,,,
848,Prairie Island-1,United States,Operational,PWR,WH 2-loop (DRY),25 Jun 1968,16 Dec 1973,,522.0,,,
849,Prairie Island-2,United States,Operational,PWR,WH 2-loop (DRY),25 Jun 1969,21 Dec 1974,,519.0,,,
850,Quad Cities-1,United States,Operational,BWR,BWR-4 (WET),15 Feb 1967,18 Feb 1973,,908.0,,,
851,Quad Cities-2,United States,Operational,BWR,BWR-4 (WET),15 Feb 1967,10 Mar 1973,,911.0,,,
852,Rancho Seco-1,United States,Decommissioned,PWR,WH (DRY),1 Apr 1969,17 Apr 1975,23 Jun 1989,873.0,,,
853,River Bend-1,United States,Operational,BWR,BWR-6 (WET),25 Mar 1977,16 Jun 1986,,967.0,,,
854,Salem-1,United States,Operational,PWR,WH 4-loop (DRY),25 Sep 1968,30 Jun 1977,,1169.0,,,
855,Salem-2,United States,Operational,PWR,WH 4-loop (DRY),25 Sep 1968,31 Oct 1981,,1158.0,,,
856,San Onofre-1,United States,Dismantled,PWR,WH (DRY),16 Jul 1964,1 Jan 1968,30 Nov 1992,436.0,,,
857,San Onofre-2,United States,Shut down/in decommissioning,PWR,CE (DRY),1 Mar 1974,8 Aug 1983,7 Jun 2013,1070.0,,,
858,San Onofre-3,United States,Shut down/in decommissioning,PWR,CE (DRY),1 Mar 1974,1 Apr 1984,7 Jun 2013,1180.0,,,
859,Saxton-1,United States,Decommissioned,PWR,,1 Jan 1960,Nov 1961,May 1972,3.0,,,
860,Seabrook Station-1,United States,Operational,PWR,WH 4-Loop (DRY),7 Jul 1976,15 Mar 1990,,1246.0,,,
861,Sequoyah-1,United States,Operational,PWR,WH 4-Loop (ICECOND),27 May 1970,1 Jul 1981,,1152.0,,,
862,Sequoyah-2,United States,Operational,PWR,WH 4-Loop (ICECOND),27 May 1970,1 Jun 1982,,1139.0,,,
863,Shearon Harris-1,United States,Operational,PWR,WH 3-Loop (DRY),28 Jan 1978,2 May 1987,,964.0,,,
864,Shippingport-1,United States,Dismantled,PWR,WH,6 Sep 1954,26 May 1958,Dec 1989,60.0,,,
865,Shoreham-1,United States,Shut down,BWR,GE,1 Nov 1972,1 Aug 1986,1 May 1989,820.0,,,
866,SRE-1,United States,Decommissioned,FBR,,1954,12 Jul 1957,15 Feb 1964,6.5,,,
867,South Texas-1,United States,Operational,PWR,WH 4-loop (DRY),22 Dec 1975,25 Aug 1988,,1280.0,,,
868,South Texas-2,United States,Operational,PWR,WH 4-loop (DRY),22 Dec 1975,19 Jun 1989,,1280.0,,,
869,St. Lucie-1,United States,Operational,PWR,CE (DRY),1 Jul 1970,1 Mar 1976,,981.0,,,
870,St. Lucie-2,United States,Operational,PWR,CE (DRY),2 Jun 1977,10 Jun 1983,,987.0,,,
871,Surry-1,United States,Operational,PWR,WH 3-loop (DRY),25 Jun 1968,22 Dec 1972,,838.0,,,
872,Surry-2,United States,Operational,PWR,WH 3-loop (DRY),25 Jun 1968,1 May 1973,,838.0,,,
873,Susquehanna-1,United States,Operational,BWR,BWR-5 (WET),2 Nov 1973,12 Nov 1982,,1257.0,,,
874,Susquehanna-2,United States,Operational,BWR,BWR-5 (WET),2 Nov 1973,27 Jun 1984,,1257.0,,,
875,Three Mile Island-1,United States,Shut down,PWR,B & W (DRY),18 May 1968,2 Sep 1974,20 Sep 2019,819.0,,,
876,Three Mile Island-2,United States,Core melt,PWR,B & W (DRY),1 Nov 1969,30 Dec 1978,28 Mar 1979,880.0,,,
877,Trojan-1,United States,Dismantled,PWR,WH (DRY),1 Feb 1970,20 May 1976,9 Nov 1992,1095.0,,,
878,Turkey Point-1,United States,Operational,PWR,WH 3-loop (DRY),27 Apr 1967,14 Dec 1972,,837.0,,,
879,Turkey Point-2,United States,Operational,PWR,WH 3-loop (DRY),27 Apr 1967,7 Sep 1973,,821.0,,,
880,Turkey Point-3,United States,Planned,PWR,AP1000,,,,1100.0,,,
881,Turkey Point-4,United States,Planned,PWR,AP1000,,,,1100.0,,,
882,Vallecitos-1,United States,Shut down,BWR,BWR-1,1 Jan 1956,19 Oct 1957,9 Dec 1963,25.0,,,
883,Vermont Yankee-1,United States,Shut down,BWR,BWR-4 (WET),11 Dec 1967,30 Nov 1972,29 Dec 2014,605.0,,,
884,Virgil C. Summer-1,United States,Operational,PWR,WH 3-Loop (DRY),21 Mar 1973,1 Jan 1984,,1000.0,,,
885,Vogtle-1,United States,Operational,PWR,WH 4-Loop (DRY),1 Aug 1976,1 Jun 1987,,1150.0,,,
886,Vogtle-2,United States,Operational,PWR,WH 4-Loop (DRY),1 Aug 1976,20 May 1989,,1152.0,,,
887,Vogtle-3,United States,Operational,PWR,AP1000,12 Mar 2013,31 Jul 2023,,1117.0,,,
888,Vogtle-4,United States,Under construction,PWR,AP1000,19 Nov 2013,(2023),,1117.0,,,
889,Waterford-1,United States,Operational,PWR,CE 2-loop (DRY),14 Nov 1974,24 Sep 1985,,1168.0,,,
890,Watts Bar-1,United States,Operational,PWR,WH 4-Loop (ICECOND),20 Jul 1973,27 May 1996,,1157.0,,,
891,Watts Bar-2,United States,Operational,PWR,WH 4-Loop (ICECOND),1 Sep 1973,4 Jun 2016,,1164.0,,,
892,Wolf Creek-1,United States,Operational,PWR,WH 4-Loop (DRY),31 May 1977,3 Sep 1985,,1200.0,,,
893,Yankee Rowe-1,United States,Dismantled,PWR,WH (DRY),1 Nov 1957,1 Jul 1961,1 Oct 1991,167.0,,,
894,Zion-1,United States,Dismantled,PWR,WH (DRY),1 Dec 1968,31 Dec 1973,13 Feb 1998,1040.0,,,
895,Zion-2,United States,Dismantled,PWR,WH (DRY),1 Dec 1968,17 Sep 1974,13 Feb 1998,1040.0,,,
896,Plant in the Jizzakh Region-1,Uzbekistan,Planned,PWR,VVER-1200,,,,1200.0,,,
897,-2,Uzbekistan,Planned,PWR,VVER-1200,,,,1200.0,,,
